[Licensing::Module] Trying to connect to existing licensing client channel...
Built from '6000.2/respin/6000.2.8f1-e4064264ae96' branch; Version is '6000.2.8f1 (c9992ac36c34) revision 13211946'; Using compiler version '194234433'; Build Type 'Release'
[Licensing::IpcConnector] Successfully connected to: "LicenseClient-elero" at "2026-01-25T11:37:45.8695791Z"
OS: 'Windows 11  (10.0.26200) 64bit Core' Language: 'it' Physical Memory: 16068 MB
BatchMode: 1, IsHumanControllingUs: 0, StartBugReporterOnCrash: 0, Is64bit: 1
Date: 2026-01-25T11:37:45Z

COMMAND LINE ARGUMENTS:
C:\Program Files\Unity\Hub\Editor\6000.2.8f1\Editor\Unity.exe
-adb2
-batchMode
-noUpm
-name
AssetImportWorker0
-projectPath
C:/Users/elero/OneDrive/Documenti/GitHub/Termostatiiiii
-logFile
Logs/AssetImportWorker0.log
-srvPort
50150
-licensingIpc
LicenseClient-elero
-job-worker-count
5
-background-job-worker-count
8
-gc-helper-count
1
-name
AssetImport
Successfully changed project path to: C:/Users/elero/OneDrive/Documenti/GitHub/Termostatiiiii
C:/Users/elero/OneDrive/Documenti/GitHub/Termostatiiiii
[UnityMemory] Configuration Parameters - Can be set up in boot.config
    "memorysetup-allocator-temp-initial-block-size-main=262144"
    "memorysetup-allocator-temp-initial-block-size-worker=262144"
    "memorysetup-bucket-allocator-granularity=16"
    "memorysetup-bucket-allocator-bucket-count=8"
    "memorysetup-bucket-allocator-block-size=33554432"
    "memorysetup-bucket-allocator-block-count=8"
    "memorysetup-main-allocator-block-size=16777216"
    "memorysetup-thread-allocator-block-size=16777216"
    "memorysetup-gfx-main-allocator-block-size=16777216"
    "memorysetup-gfx-thread-allocator-block-size=16777216"
    "memorysetup-cache-allocator-block-size=4194304"
    "memorysetup-typetree-allocator-block-size=2097152"
    "memorysetup-profiler-bucket-allocator-granularity=16"
    "memorysetup-profiler-bucket-allocator-bucket-count=8"
    "memorysetup-profiler-bucket-allocator-block-size=33554432"
    "memorysetup-profiler-bucket-allocator-block-count=8"
    "memorysetup-profiler-allocator-block-size=16777216"
    "memorysetup-profiler-editor-allocator-block-size=1048576"
    "memorysetup-temp-allocator-size-main=16777216"
    "memorysetup-job-temp-allocator-block-size=2097152"
    "memorysetup-job-temp-allocator-block-size-background=1048576"
    "memorysetup-job-temp-allocator-reduction-small-platforms=262144"
    "memorysetup-temp-allocator-size-background-worker=32768"
    "memorysetup-temp-allocator-size-job-worker=262144"
    "memorysetup-temp-allocator-size-preload-manager=33554432"
    "memorysetup-temp-allocator-size-nav-mesh-worker=65536"
    "memorysetup-temp-allocator-size-audio-worker=65536"
    "memorysetup-temp-allocator-size-cloud-worker=32768"
    "memorysetup-temp-allocator-size-gi-baking-worker=262144"
    "memorysetup-temp-allocator-size-gi-baking-worker=262144"
    "memorysetup-temp-allocator-size-gi-baking-worker=262144"
    "memorysetup-temp-allocator-size-gi-baking-worker=262144"
    "memorysetup-temp-allocator-size-gi-baking-worker=262144"
    "memorysetup-temp-allocator-size-gfx=262144"
Player connection [21820]  Target information:

Player connection [21820]  * "[IP] 192.168.56.1 [Port] 0 [Flags] 2 [Guid] 2765858439 [EditorId] 2765858439 [Version] 1048832 [Id] WindowsEditor(7,Elron) [Debug] 1 [PackageName] WindowsEditor [ProjectName] Editor" 

Player connection [21820]  * "[IP] 192.168.68.111 [Port] 0 [Flags] 2 [Guid] 2765858439 [EditorId] 2765858439 [Version] 1048832 [Id] WindowsEditor(7,Elron) [Debug] 1 [PackageName] WindowsEditor [ProjectName] Editor" 

Player connection [21820] Host joined multi-casting on [225.0.0.222:54997]...
Player connection [21820] Host joined alternative multi-casting on [225.0.0.222:34997]...
JobSystem: Creating JobQueue using job-worker-count value 5
Input System module state changed to: Initialized.
[Physics::Module] Initialized fallback backend.
[Physics::Module] Id: 0xdecafbad
[Licensing::Client] Code 10 while verifying Licensing Client signature (process Id: 16728, path: "C:/Program Files/Unity Hub/UnityLicensingClient_V1/Unity.Licensing.Client.exe")
[Licensing::Module] LicensingClient has failed validation; ignoring
[Licensing::Client] Handshaking with LicensingClient:
  Version:                 1.17.4+4293ba1
  Session Id:              c50417134ee54e6a84eae9a4b9d831e2
  Correlation Id:          e770376069ad863a6cb13af3c7ed2864
  External correlation Id: 1756125800121767132
  Machine Id:              RWyeKg588bGZT8bonCnek+e29tQ=
[Licensing::Module] Successfully connected to LicensingClient on channel: "LicenseClient-elero" (connect: 0.00s, validation: 0.00s, handshake: 0.23s)
[Licensing::IpcConnector] Successfully connected to: "LicenseClient-elero-notifications" at "2026-01-25T11:37:46.0993957Z"
[Licensing::Module] Licensing Background thread has ended after 0.23s
Library Redirect Path: Library/
[Physics::Module] Selected backend.
[Physics::Module] Name: PhysX
[Physics::Module] Id: 0xf2b8ea05
[Physics::Module] SDK Version: 4.1.2
[Physics::Module] Integration Version: 1.0.0
[Physics::Module] Threading Mode: Multi-Threaded
Refreshing native plugins compatible for Editor in 445.85 ms, found 4 plugins.
Preloading 0 native plugins for Editor in 0.00 ms.
Initialize engine version: 6000.2.8f1 (c9992ac36c34)
[Subsystems] Discovering subsystems at path C:/Program Files/Unity/Hub/Editor/6000.2.8f1/Editor/Data/Resources/UnitySubsystems
[Subsystems] Discovering subsystems at path C:/Users/elero/OneDrive/Documenti/GitHub/Termostatiiiii/Assets
GfxDevice: creating device client; kGfxThreadingModeNonThreaded
Direct3D:
    Version:  Direct3D 11.0 [level 11.1]
    Renderer: Intel(R) Iris(R) Xe Graphics (ID=0xa7a1)
    Vendor:   Intel
    VRAM:     8034 MB
    Driver:   32.0.101.7077
Initialize mono
Mono path[0] = 'C:/Program Files/Unity/Hub/Editor/6000.2.8f1/Editor/Data/Managed'
Mono path[1] = 'C:/Program Files/Unity/Hub/Editor/6000.2.8f1/Editor/Data/MonoBleedingEdge/lib/mono/unityjit-win32'
Mono config path = 'C:/Program Files/Unity/Hub/Editor/6000.2.8f1/Editor/Data/MonoBleedingEdge/etc'
Using monoOptions --debugger-agent=transport=dt_socket,embedding=1,server=y,suspend=n,address=127.0.0.1:56884
Begin MonoManager ReloadAssembly
Registering precompiled unity dll's ...
Register platform support module: C:/Program Files/Unity/Hub/Editor/6000.2.8f1/Editor/Data/PlaybackEngines/WindowsStandaloneSupport/UnityEditor.WindowsStandalone.Extensions.dll
Registered in 0.001424 seconds.
- Loaded All Assemblies, in  4.445 seconds
Native extension for WindowsStandalone target not found
Mono: successfully reloaded assembly
- Finished resetting the current domain, in  0.626 seconds
Domain Reload Profiling: 5070ms
	BeginReloadAssembly (768ms)
		ExecutionOrderSort (0ms)
		DisableScriptedObjects (0ms)
		BackupInstance (0ms)
		ReleaseScriptingObjects (0ms)
		CreateAndSetChildDomain (1ms)
	RebuildCommonClasses (801ms)
	RebuildNativeTypeToScriptingClass (12ms)
	initialDomainReloadingComplete (49ms)
	LoadAllAssembliesAndSetupDomain (2813ms)
		LoadAssemblies (765ms)
		RebuildTransferFunctionScriptingTraits (0ms)
		AnalyzeDomain (2805ms)
			TypeCache.Refresh (2803ms)
				TypeCache.ScanAssembly (1919ms)
			BuildScriptInfoCaches (0ms)
			ResolveRequiredComponents (0ms)
	FinalizeReload (627ms)
		ReleaseScriptCaches (0ms)
		RebuildScriptCaches (0ms)
		SetupLoadedEditorAssemblies (554ms)
			LogAssemblyErrors (0ms)
			InitializePlatformSupportModulesInManaged (87ms)
			SetLoadedEditorAssemblies (6ms)
			BeforeProcessingInitializeOnLoad (135ms)
			ProcessInitializeOnLoadAttributes (232ms)
			ProcessInitializeOnLoadMethodAttributes (94ms)
			AfterProcessingInitializeOnLoad (0ms)
			EditorAssembliesLoaded (0ms)
		ExecutionOrderSort2 (0ms)
		AwakeInstancesAfterBackupRestoration (0ms)
========================================================================
Worker process is ready to serve import requests
Import Worker Mode flag is 0x00
Begin MonoManager ReloadAssembly
[Licensing::Client] Successfully resolved entitlement details
[Licensing::Module] License group:
  Id: 6872178326586-UnityPersXXXX
  Product: Unity Personal
  Type: Assigned
  Expiration: Unlimited
Symbol file LoadedFromMemory is not a mono symbol file
- Loaded All Assemblies, in  6.482 seconds
Refreshing native plugins compatible for Editor in 3.78 ms, found 4 plugins.
Native extension for WindowsStandalone target not found
Package Manager log level set to [2]
[Package Manager] Failed to launch server process. Reason: Unity was launched with the -noUpm command-line argument
[Package Manager] Unable to send message (not connected to server process).
[Package Manager] Cannot connect to Unity Package Manager local server
Mono: successfully reloaded assembly
- Finished resetting the current domain, in  4.161 seconds
Domain Reload Profiling: 10634ms
	BeginReloadAssembly (376ms)
		ExecutionOrderSort (0ms)
		DisableScriptedObjects (14ms)
		BackupInstance (0ms)
		ReleaseScriptingObjects (0ms)
		CreateAndSetChildDomain (56ms)
	RebuildCommonClasses (81ms)
	RebuildNativeTypeToScriptingClass (24ms)
	initialDomainReloadingComplete (95ms)
	LoadAllAssembliesAndSetupDomain (5897ms)
		LoadAssemblies (4778ms)
		RebuildTransferFunctionScriptingTraits (0ms)
		AnalyzeDomain (1331ms)
			TypeCache.Refresh (1179ms)
				TypeCache.ScanAssembly (1145ms)
			BuildScriptInfoCaches (120ms)
			ResolveRequiredComponents (22ms)
	FinalizeReload (4162ms)
		ReleaseScriptCaches (0ms)
		RebuildScriptCaches (0ms)
		SetupLoadedEditorAssemblies (2730ms)
			LogAssemblyErrors (0ms)
			InitializePlatformSupportModulesInManaged (3ms)
			SetLoadedEditorAssemblies (11ms)
			BeforeProcessingInitializeOnLoad (291ms)
			ProcessInitializeOnLoadAttributes (1015ms)
			ProcessInitializeOnLoadMethodAttributes (1396ms)
			AfterProcessingInitializeOnLoad (14ms)
			EditorAssembliesLoaded (0ms)
		ExecutionOrderSort2 (0ms)
		AwakeInstancesAfterBackupRestoration (14ms)
Launched and connected shader compiler UnityShaderCompiler.exe after 0.09 seconds
Refreshing native plugins compatible for Editor in 5.36 ms, found 4 plugins.
Preloading 0 native plugins for Editor in 0.00 ms.
Unloading 36 Unused Serialized files (Serialized files now loaded: 0)
Unloading 6782 unused Assets / (7.6 MB). Loaded Objects now: 7457.
Memory consumption went from 147.5 MB to 140.0 MB.
Total: 15.260700 ms (FindLiveObjects: 1.394000 ms CreateObjectMapping: 1.330300 ms MarkObjects: 7.678000 ms  DeleteObjects: 4.854100 ms)

========================================================================
Received Prepare
Begin MonoManager ReloadAssembly
[Licensing::Client] Successfully resolved entitlement details
Symbol file LoadedFromMemory is not a mono symbol file
- Loaded All Assemblies, in  1.004 seconds
Refreshing native plugins compatible for Editor in 1.36 ms, found 4 plugins.
Native extension for WindowsStandalone target not found
[Package Manager] Failed to launch server process. Reason: Unity was launched with the -noUpm command-line argument
[Package Manager] Unable to send message (not connected to server process).
[Package Manager] Cannot connect to Unity Package Manager local server
Mono: successfully reloaded assembly
- Finished resetting the current domain, in  1.028 seconds
Domain Reload Profiling: 2033ms
	BeginReloadAssembly (298ms)
		ExecutionOrderSort (0ms)
		DisableScriptedObjects (23ms)
		BackupInstance (0ms)
		ReleaseScriptingObjects (0ms)
		CreateAndSetChildDomain (80ms)
	RebuildCommonClasses (41ms)
	RebuildNativeTypeToScriptingClass (15ms)
	initialDomainReloadingComplete (34ms)
	LoadAllAssembliesAndSetupDomain (617ms)
		LoadAssemblies (463ms)
		RebuildTransferFunctionScriptingTraits (0ms)
		AnalyzeDomain (270ms)
			TypeCache.Refresh (14ms)
				TypeCache.ScanAssembly (0ms)
			BuildScriptInfoCaches (238ms)
			ResolveRequiredComponents (11ms)
	FinalizeReload (1029ms)
		ReleaseScriptCaches (0ms)
		RebuildScriptCaches (0ms)
		SetupLoadedEditorAssemblies (800ms)
			LogAssemblyErrors (0ms)
			InitializePlatformSupportModulesInManaged (2ms)
			SetLoadedEditorAssemblies (8ms)
			BeforeProcessingInitializeOnLoad (215ms)
			ProcessInitializeOnLoadAttributes (508ms)
			ProcessInitializeOnLoadMethodAttributes (63ms)
			AfterProcessingInitializeOnLoad (4ms)
			EditorAssembliesLoaded (0ms)
		ExecutionOrderSort2 (0ms)
		AwakeInstancesAfterBackupRestoration (17ms)
Refreshing native plugins compatible for Editor in 2.12 ms, found 4 plugins.
Preloading 0 native plugins for Editor in 0.00 ms.
Unloading 35 Unused Serialized files (Serialized files now loaded: 0)
Unloading 6780 unused Assets / (7.7 MB). Loaded Objects now: 7460.
Memory consumption went from 148.3 MB to 140.6 MB.
Total: 12.020400 ms (FindLiveObjects: 0.704300 ms CreateObjectMapping: 0.444900 ms MarkObjects: 6.772300 ms  DeleteObjects: 4.095700 ms)

Prepare: number of updated asset objects reloaded= 0
========================================================================
Received Prepare
Begin MonoManager ReloadAssembly
Symbol file LoadedFromMemory is not a mono symbol file
- Loaded All Assemblies, in  1.225 seconds
Refreshing native plugins compatible for Editor in 1.44 ms, found 4 plugins.
Native extension for WindowsStandalone target not found
[Package Manager] Failed to launch server process. Reason: Unity was launched with the -noUpm command-line argument
[Package Manager] Unable to send message (not connected to server process).
[Package Manager] Cannot connect to Unity Package Manager local server
Mono: successfully reloaded assembly
- Finished resetting the current domain, in  1.780 seconds
Domain Reload Profiling: 3007ms
	BeginReloadAssembly (293ms)
		ExecutionOrderSort (0ms)
		DisableScriptedObjects (18ms)
		BackupInstance (0ms)
		ReleaseScriptingObjects (0ms)
		CreateAndSetChildDomain (70ms)
	RebuildCommonClasses (47ms)
	RebuildNativeTypeToScriptingClass (15ms)
	initialDomainReloadingComplete (54ms)
	LoadAllAssembliesAndSetupDomain (818ms)
		LoadAssemblies (606ms)
		RebuildTransferFunctionScriptingTraits (0ms)
		AnalyzeDomain (345ms)
			TypeCache.Refresh (13ms)
				TypeCache.ScanAssembly (0ms)
			BuildScriptInfoCaches (306ms)
			ResolveRequiredComponents (19ms)
	FinalizeReload (1781ms)
		ReleaseScriptCaches (0ms)
		RebuildScriptCaches (0ms)
		SetupLoadedEditorAssemblies (1470ms)
			LogAssemblyErrors (0ms)
			InitializePlatformSupportModulesInManaged (2ms)
			SetLoadedEditorAssemblies (10ms)
			BeforeProcessingInitializeOnLoad (261ms)
			ProcessInitializeOnLoadAttributes (1056ms)
			ProcessInitializeOnLoadMethodAttributes (127ms)
			AfterProcessingInitializeOnLoad (13ms)
			EditorAssembliesLoaded (1ms)
		ExecutionOrderSort2 (0ms)
		AwakeInstancesAfterBackupRestoration (46ms)
Refreshing native plugins compatible for Editor in 2.87 ms, found 4 plugins.
Preloading 0 native plugins for Editor in 0.00 ms.
Unloading 35 Unused Serialized files (Serialized files now loaded: 0)
Unloading 6780 unused Assets / (6.8 MB). Loaded Objects now: 7462.
Memory consumption went from 148.4 MB to 141.5 MB.
Total: 13.853700 ms (FindLiveObjects: 1.299100 ms CreateObjectMapping: 0.455700 ms MarkObjects: 6.908500 ms  DeleteObjects: 5.188000 ms)

Prepare: number of updated asset objects reloaded= 0
========================================================================
Received Prepare
Begin MonoManager ReloadAssembly
Symbol file LoadedFromMemory is not a mono symbol file
- Loaded All Assemblies, in  1.343 seconds
Refreshing native plugins compatible for Editor in 1.53 ms, found 4 plugins.
Native extension for WindowsStandalone target not found
[Package Manager] Failed to launch server process. Reason: Unity was launched with the -noUpm command-line argument
[Package Manager] Unable to send message (not connected to server process).
[Package Manager] Cannot connect to Unity Package Manager local server
Mono: successfully reloaded assembly
- Finished resetting the current domain, in  1.676 seconds
Domain Reload Profiling: 3018ms
	BeginReloadAssembly (347ms)
		ExecutionOrderSort (0ms)
		DisableScriptedObjects (29ms)
		BackupInstance (0ms)
		ReleaseScriptingObjects (0ms)
		CreateAndSetChildDomain (82ms)
	RebuildCommonClasses (70ms)
	RebuildNativeTypeToScriptingClass (29ms)
	initialDomainReloadingComplete (51ms)
	LoadAllAssembliesAndSetupDomain (843ms)
		LoadAssemblies (650ms)
		RebuildTransferFunctionScriptingTraits (0ms)
		AnalyzeDomain (359ms)
			TypeCache.Refresh (9ms)
				TypeCache.ScanAssembly (0ms)
			BuildScriptInfoCaches (328ms)
			ResolveRequiredComponents (15ms)
	FinalizeReload (1677ms)
		ReleaseScriptCaches (0ms)
		RebuildScriptCaches (0ms)
		SetupLoadedEditorAssemblies (1402ms)
			LogAssemblyErrors (0ms)
			InitializePlatformSupportModulesInManaged (2ms)
			SetLoadedEditorAssemblies (7ms)
			BeforeProcessingInitializeOnLoad (295ms)
			ProcessInitializeOnLoadAttributes (968ms)
			ProcessInitializeOnLoadMethodAttributes (118ms)
			AfterProcessingInitializeOnLoad (11ms)
			EditorAssembliesLoaded (0ms)
		ExecutionOrderSort2 (0ms)
		AwakeInstancesAfterBackupRestoration (28ms)
Refreshing native plugins compatible for Editor in 1.48 ms, found 4 plugins.
Preloading 0 native plugins for Editor in 0.00 ms.
Unloading 35 Unused Serialized files (Serialized files now loaded: 0)
Unloading 6780 unused Assets / (7.4 MB). Loaded Objects now: 7464.
Memory consumption went from 148.4 MB to 141.0 MB.
Total: 10.081800 ms (FindLiveObjects: 0.535900 ms CreateObjectMapping: 0.386000 ms MarkObjects: 5.246200 ms  DeleteObjects: 3.912100 ms)

Prepare: number of updated asset objects reloaded= 0
========================================================================
Received Prepare
Begin MonoManager ReloadAssembly
[Licensing::Client] Successfully resolved entitlement details
Symbol file LoadedFromMemory is not a mono symbol file
- Loaded All Assemblies, in  1.271 seconds
Refreshing native plugins compatible for Editor in 2.14 ms, found 4 plugins.
Native extension for WindowsStandalone target not found
[Package Manager] Failed to launch server process. Reason: Unity was launched with the -noUpm command-line argument
[Package Manager] Unable to send message (not connected to server process).
[Package Manager] Cannot connect to Unity Package Manager local server
Mono: successfully reloaded assembly
- Finished resetting the current domain, in  1.841 seconds
Domain Reload Profiling: 3107ms
	BeginReloadAssembly (303ms)
		ExecutionOrderSort (0ms)
		DisableScriptedObjects (28ms)
		BackupInstance (0ms)
		ReleaseScriptingObjects (0ms)
		CreateAndSetChildDomain (66ms)
	RebuildCommonClasses (62ms)
	RebuildNativeTypeToScriptingClass (18ms)
	initialDomainReloadingComplete (44ms)
	LoadAllAssembliesAndSetupDomain (839ms)
		LoadAssemblies (582ms)
		RebuildTransferFunctionScriptingTraits (0ms)
		AnalyzeDomain (386ms)
			TypeCache.Refresh (14ms)
				TypeCache.ScanAssembly (0ms)
			BuildScriptInfoCaches (353ms)
			ResolveRequiredComponents (13ms)
	FinalizeReload (1842ms)
		ReleaseScriptCaches (0ms)
		RebuildScriptCaches (0ms)
		SetupLoadedEditorAssemblies (1533ms)
			LogAssemblyErrors (0ms)
			InitializePlatformSupportModulesInManaged (2ms)
			SetLoadedEditorAssemblies (10ms)
			BeforeProcessingInitializeOnLoad (315ms)
			ProcessInitializeOnLoadAttributes (1055ms)
			ProcessInitializeOnLoadMethodAttributes (138ms)
			AfterProcessingInitializeOnLoad (13ms)
			EditorAssembliesLoaded (1ms)
		ExecutionOrderSort2 (0ms)
		AwakeInstancesAfterBackupRestoration (44ms)
Refreshing native plugins compatible for Editor in 5.66 ms, found 4 plugins.
Preloading 0 native plugins for Editor in 0.00 ms.
Unloading 35 Unused Serialized files (Serialized files now loaded: 0)
Unloading 6780 unused Assets / (7.7 MB). Loaded Objects now: 7466.
Memory consumption went from 148.5 MB to 140.8 MB.
Total: 23.664600 ms (FindLiveObjects: 1.980400 ms CreateObjectMapping: 1.614800 ms MarkObjects: 12.134400 ms  DeleteObjects: 7.931700 ms)

Prepare: number of updated asset objects reloaded= 0
========================================================================
Received Prepare
Begin MonoManager ReloadAssembly
[Licensing::Client] Successfully resolved entitlement details
Symbol file LoadedFromMemory is not a mono symbol file
- Loaded All Assemblies, in  0.982 seconds
Refreshing native plugins compatible for Editor in 1.02 ms, found 4 plugins.
Native extension for WindowsStandalone target not found
[Package Manager] Failed to launch server process. Reason: Unity was launched with the -noUpm command-line argument
[Package Manager] Unable to send message (not connected to server process).
[Package Manager] Cannot connect to Unity Package Manager local server
Mono: successfully reloaded assembly
- Finished resetting the current domain, in  1.161 seconds
Domain Reload Profiling: 2141ms
	BeginReloadAssembly (256ms)
		ExecutionOrderSort (0ms)
		DisableScriptedObjects (19ms)
		BackupInstance (0ms)
		ReleaseScriptingObjects (0ms)
		CreateAndSetChildDomain (60ms)
	RebuildCommonClasses (44ms)
	RebuildNativeTypeToScriptingClass (19ms)
	initialDomainReloadingComplete (44ms)
	LoadAllAssembliesAndSetupDomain (616ms)
		LoadAssemblies (465ms)
		RebuildTransferFunctionScriptingTraits (0ms)
		AnalyzeDomain (265ms)
			TypeCache.Refresh (8ms)
				TypeCache.ScanAssembly (0ms)
			BuildScriptInfoCaches (233ms)
			ResolveRequiredComponents (17ms)
	FinalizeReload (1162ms)
		ReleaseScriptCaches (0ms)
		RebuildScriptCaches (0ms)
		SetupLoadedEditorAssemblies (984ms)
			LogAssemblyErrors (0ms)
			InitializePlatformSupportModulesInManaged (3ms)
			SetLoadedEditorAssemblies (7ms)
			BeforeProcessingInitializeOnLoad (194ms)
			ProcessInitializeOnLoadAttributes (708ms)
			ProcessInitializeOnLoadMethodAttributes (66ms)
			AfterProcessingInitializeOnLoad (5ms)
			EditorAssembliesLoaded (0ms)
		ExecutionOrderSort2 (0ms)
		AwakeInstancesAfterBackupRestoration (26ms)
Refreshing native plugins compatible for Editor in 2.44 ms, found 4 plugins.
Preloading 0 native plugins for Editor in 0.00 ms.
Unloading 35 Unused Serialized files (Serialized files now loaded: 0)
Unloading 6780 unused Assets / (6.6 MB). Loaded Objects now: 7468.
Memory consumption went from 148.4 MB to 141.8 MB.
Total: 13.656900 ms (FindLiveObjects: 1.624600 ms CreateObjectMapping: 1.102700 ms MarkObjects: 6.802000 ms  DeleteObjects: 4.125400 ms)

Prepare: number of updated asset objects reloaded= 0
========================================================================
Received Import Request.
  Time since last request: 19353.005772 seconds.
  path: Assets/Scripts/GetMonsters.cs
  artifactKey: Guid(edc8d4653a0be6746a14abe319ce5fc1) Importer(2089858483,192608db42251d675da83286b1cce702)
Start importing Assets/Scripts/GetMonsters.cs using Guid(edc8d4653a0be6746a14abe319ce5fc1) Importer(2089858483,192608db42251d675da83286b1cce702) (ScriptedImporter) -> (artifact id: '919cfc08c6ad2d051382285a66988aa0') in 0.1670256 seconds
Number of updated asset objects reloaded before import = 0Number of asset objects unloaded after import = 0

========================================================================
Received Prepare
Refreshing native plugins compatible for Editor in 1.99 ms, found 4 plugins.
Preloading 0 native plugins for Editor in 0.00 ms.
Unloading 35 Unused Serialized files (Serialized files now loaded: 0)
Unloading 6770 unused Assets / (6.3 MB). Loaded Objects now: 7471.
Memory consumption went from 149.4 MB to 143.1 MB.
Total: 11.042600 ms (FindLiveObjects: 1.187100 ms CreateObjectMapping: 0.987600 ms MarkObjects: 6.026400 ms  DeleteObjects: 2.840300 ms)

Prepare: number of updated asset objects reloaded= 0
========================================================================
Received Import Request.
  Time since last request: 3.932103 seconds.
  path: Assets/Scripts/ClearText.cs
  artifactKey: Guid(a8ab9284752ac0246b97f7561d5cd194) Importer(815301076,1909f56bfc062723c751e8b465ee728b)
Start importing Assets/Scripts/ClearText.cs using Guid(a8ab9284752ac0246b97f7561d5cd194) Importer(815301076,1909f56bfc062723c751e8b465ee728b) (PreviewImporter) -> (artifact id: 'dcb0247cb694aebc76d3797de79f5c7c') in 0.0040297 seconds
Number of updated asset objects reloaded before import = 0Number of asset objects unloaded after import = 0

========================================================================
Received Import Request.
  Time since last request: 0.376980 seconds.
  path: Assets/Scripts/ClearText.cs
  artifactKey: Guid(a8ab9284752ac0246b97f7561d5cd194) Importer(2089858483,192608db42251d675da83286b1cce702)
Start importing Assets/Scripts/ClearText.cs using Guid(a8ab9284752ac0246b97f7561d5cd194) Importer(2089858483,192608db42251d675da83286b1cce702) (ScriptedImporter) -> (artifact id: '84df107473c67a72eb2bc10d9068aeb6') in 0.0258397 seconds
Number of updated asset objects reloaded before import = 0Number of asset objects unloaded after import = 0

========================================================================
Received Prepare
Begin MonoManager ReloadAssembly
[Licensing::Client] Successfully resolved entitlement details
Symbol file LoadedFromMemory is not a mono symbol file
- Loaded All Assemblies, in  0.913 seconds
Refreshing native plugins compatible for Editor in 1.13 ms, found 4 plugins.
Native extension for WindowsStandalone target not found
[Package Manager] Failed to launch server process. Reason: Unity was launched with the -noUpm command-line argument
[Package Manager] Unable to send message (not connected to server process).
[Package Manager] Cannot connect to Unity Package Manager local server
Mono: successfully reloaded assembly
- Finished resetting the current domain, in  1.086 seconds
Domain Reload Profiling: 2002ms
	BeginReloadAssembly (270ms)
		ExecutionOrderSort (0ms)
		DisableScriptedObjects (22ms)
		BackupInstance (0ms)
		ReleaseScriptingObjects (0ms)
		CreateAndSetChildDomain (66ms)
	RebuildCommonClasses (39ms)
	RebuildNativeTypeToScriptingClass (12ms)
	initialDomainReloadingComplete (27ms)
	LoadAllAssembliesAndSetupDomain (566ms)
		LoadAssemblies (418ms)
		RebuildTransferFunctionScriptingTraits (0ms)
		AnalyzeDomain (262ms)
			TypeCache.Refresh (10ms)
				TypeCache.ScanAssembly (0ms)
			BuildScriptInfoCaches (238ms)
			ResolveRequiredComponents (9ms)
	FinalizeReload (1087ms)
		ReleaseScriptCaches (0ms)
		RebuildScriptCaches (0ms)
		SetupLoadedEditorAssemblies (887ms)
			LogAssemblyErrors (0ms)
			InitializePlatformSupportModulesInManaged (3ms)
			SetLoadedEditorAssemblies (8ms)
			BeforeProcessingInitializeOnLoad (197ms)
			ProcessInitializeOnLoadAttributes (603ms)
			ProcessInitializeOnLoadMethodAttributes (69ms)
			AfterProcessingInitializeOnLoad (7ms)
			EditorAssembliesLoaded (1ms)
		ExecutionOrderSort2 (0ms)
		AwakeInstancesAfterBackupRestoration (25ms)
Refreshing native plugins compatible for Editor in 4.28 ms, found 4 plugins.
Preloading 0 native plugins for Editor in 0.00 ms.
Unloading 35 Unused Serialized files (Serialized files now loaded: 0)
Unloading 6781 unused Assets / (8.6 MB). Loaded Objects now: 7473.
Memory consumption went from 149.3 MB to 140.7 MB.
Total: 23.753500 ms (FindLiveObjects: 1.533500 ms CreateObjectMapping: 1.694000 ms MarkObjects: 11.375200 ms  DeleteObjects: 9.148700 ms)

Prepare: number of updated asset objects reloaded= 0
========================================================================
Received Import Request.
  Time since last request: 10.712017 seconds.
  path: Assets/Scripts/ClearText.cs
  artifactKey: Guid(a8ab9284752ac0246b97f7561d5cd194) Importer(815301076,1909f56bfc062723c751e8b465ee728b)
Start importing Assets/Scripts/ClearText.cs using Guid(a8ab9284752ac0246b97f7561d5cd194) Importer(815301076,1909f56bfc062723c751e8b465ee728b) (PreviewImporter) -> (artifact id: '0d0a05193dcc41d5c92d13d54dfdabdb') in 0.0067917 seconds
Number of updated asset objects reloaded before import = 0Number of asset objects unloaded after import = 0

========================================================================
Received Prepare
Begin MonoManager ReloadAssembly
Symbol file LoadedFromMemory is not a mono symbol file
- Loaded All Assemblies, in  0.926 seconds
Refreshing native plugins compatible for Editor in 1.26 ms, found 4 plugins.
Native extension for WindowsStandalone target not found
[Package Manager] Failed to launch server process. Reason: Unity was launched with the -noUpm command-line argument
[Package Manager] Unable to send message (not connected to server process).
[Package Manager] Cannot connect to Unity Package Manager local server
Mono: successfully reloaded assembly
- Finished resetting the current domain, in  1.326 seconds
Domain Reload Profiling: 2254ms
	BeginReloadAssembly (259ms)
		ExecutionOrderSort (0ms)
		DisableScriptedObjects (15ms)
		BackupInstance (0ms)
		ReleaseScriptingObjects (0ms)
		CreateAndSetChildDomain (63ms)
	RebuildCommonClasses (35ms)
	RebuildNativeTypeToScriptingClass (13ms)
	initialDomainReloadingComplete (36ms)
	LoadAllAssembliesAndSetupDomain (585ms)
		LoadAssemblies (461ms)
		RebuildTransferFunctionScriptingTraits (0ms)
		AnalyzeDomain (243ms)
			TypeCache.Refresh (9ms)
				TypeCache.ScanAssembly (0ms)
			BuildScriptInfoCaches (218ms)
			ResolveRequiredComponents (10ms)
	FinalizeReload (1327ms)
		ReleaseScriptCaches (0ms)
		RebuildScriptCaches (0ms)
		SetupLoadedEditorAssemblies (1133ms)
			LogAssemblyErrors (0ms)
			InitializePlatformSupportModulesInManaged (3ms)
			SetLoadedEditorAssemblies (7ms)
			BeforeProcessingInitializeOnLoad (234ms)
			ProcessInitializeOnLoadAttributes (802ms)
			ProcessInitializeOnLoadMethodAttributes (82ms)
			AfterProcessingInitializeOnLoad (5ms)
			EditorAssembliesLoaded (0ms)
		ExecutionOrderSort2 (0ms)
		AwakeInstancesAfterBackupRestoration (20ms)
Refreshing native plugins compatible for Editor in 3.11 ms, found 4 plugins.
Preloading 0 native plugins for Editor in 0.00 ms.
Unloading 35 Unused Serialized files (Serialized files now loaded: 0)
Unloading 6781 unused Assets / (6.8 MB). Loaded Objects now: 7475.
Memory consumption went from 149.3 MB to 142.5 MB.
Total: 14.447400 ms (FindLiveObjects: 1.140800 ms CreateObjectMapping: 0.409100 ms MarkObjects: 7.141500 ms  DeleteObjects: 5.753800 ms)

Prepare: number of updated asset objects reloaded= 0
========================================================================
Received Prepare
Begin MonoManager ReloadAssembly
[Licensing::Client] Successfully resolved entitlement details
Symbol file LoadedFromMemory is not a mono symbol file
- Loaded All Assemblies, in  0.844 seconds
Refreshing native plugins compatible for Editor in 2.55 ms, found 4 plugins.
Native extension for WindowsStandalone target not found
[Package Manager] Failed to launch server process. Reason: Unity was launched with the -noUpm command-line argument
[Package Manager] Unable to send message (not connected to server process).
[Package Manager] Cannot connect to Unity Package Manager local server
Mono: successfully reloaded assembly
- Finished resetting the current domain, in  1.246 seconds
Domain Reload Profiling: 2090ms
	BeginReloadAssembly (218ms)
		ExecutionOrderSort (0ms)
		DisableScriptedObjects (13ms)
		BackupInstance (0ms)
		ReleaseScriptingObjects (0ms)
		CreateAndSetChildDomain (50ms)
	RebuildCommonClasses (37ms)
	RebuildNativeTypeToScriptingClass (18ms)
	initialDomainReloadingComplete (31ms)
	LoadAllAssembliesAndSetupDomain (539ms)
		LoadAssemblies (400ms)
		RebuildTransferFunctionScriptingTraits (0ms)
		AnalyzeDomain (235ms)
			TypeCache.Refresh (10ms)
				TypeCache.ScanAssembly (0ms)
			BuildScriptInfoCaches (212ms)
			ResolveRequiredComponents (9ms)
	FinalizeReload (1246ms)
		ReleaseScriptCaches (0ms)
		RebuildScriptCaches (0ms)
		SetupLoadedEditorAssemblies (1038ms)
			LogAssemblyErrors (0ms)
			InitializePlatformSupportModulesInManaged (2ms)
			SetLoadedEditorAssemblies (7ms)
			BeforeProcessingInitializeOnLoad (186ms)
			ProcessInitializeOnLoadAttributes (735ms)
			ProcessInitializeOnLoadMethodAttributes (100ms)
			AfterProcessingInitializeOnLoad (8ms)
			EditorAssembliesLoaded (0ms)
		ExecutionOrderSort2 (0ms)
		AwakeInstancesAfterBackupRestoration (29ms)
Refreshing native plugins compatible for Editor in 3.09 ms, found 4 plugins.
Preloading 0 native plugins for Editor in 0.00 ms.
Unloading 35 Unused Serialized files (Serialized files now loaded: 0)
Unloading 6781 unused Assets / (6.5 MB). Loaded Objects now: 7477.
Memory consumption went from 149.4 MB to 142.8 MB.
Total: 13.163000 ms (FindLiveObjects: 0.783400 ms CreateObjectMapping: 0.596000 ms MarkObjects: 7.645400 ms  DeleteObjects: 4.136000 ms)

Prepare: number of updated asset objects reloaded= 0
========================================================================
Received Prepare
Refreshing native plugins compatible for Editor in 2.83 ms, found 4 plugins.
Preloading 0 native plugins for Editor in 0.00 ms.
Unloading 35 Unused Serialized files (Serialized files now loaded: 0)
Unloading 6770 unused Assets / (6.6 MB). Loaded Objects now: 7477.
Memory consumption went from 149.5 MB to 142.9 MB.
Total: 13.666300 ms (FindLiveObjects: 1.208500 ms CreateObjectMapping: 0.817800 ms MarkObjects: 6.811700 ms  DeleteObjects: 4.826800 ms)

Prepare: number of updated asset objects reloaded= 0
========================================================================
Received Prepare
Begin MonoManager ReloadAssembly
[Licensing::Client] Successfully resolved entitlement details
Symbol file LoadedFromMemory is not a mono symbol file
- Loaded All Assemblies, in  1.227 seconds
Refreshing native plugins compatible for Editor in 4.07 ms, found 4 plugins.
Native extension for WindowsStandalone target not found
[Package Manager] Failed to launch server process. Reason: Unity was launched with the -noUpm command-line argument
[Package Manager] Unable to send message (not connected to server process).
[Package Manager] Cannot connect to Unity Package Manager local server
Mono: successfully reloaded assembly
- Finished resetting the current domain, in  1.409 seconds
Domain Reload Profiling: 2632ms
	BeginReloadAssembly (300ms)
		ExecutionOrderSort (0ms)
		DisableScriptedObjects (32ms)
		BackupInstance (0ms)
		ReleaseScriptingObjects (0ms)
		CreateAndSetChildDomain (68ms)
	RebuildCommonClasses (46ms)
	RebuildNativeTypeToScriptingClass (15ms)
	initialDomainReloadingComplete (49ms)
	LoadAllAssembliesAndSetupDomain (812ms)
		LoadAssemblies (531ms)
		RebuildTransferFunctionScriptingTraits (0ms)
		AnalyzeDomain (401ms)
			TypeCache.Refresh (12ms)
				TypeCache.ScanAssembly (0ms)
			BuildScriptInfoCaches (364ms)
			ResolveRequiredComponents (18ms)
	FinalizeReload (1410ms)
		ReleaseScriptCaches (0ms)
		RebuildScriptCaches (0ms)
		SetupLoadedEditorAssemblies (1172ms)
			LogAssemblyErrors (0ms)
			InitializePlatformSupportModulesInManaged (2ms)
			SetLoadedEditorAssemblies (7ms)
			BeforeProcessingInitializeOnLoad (252ms)
			ProcessInitializeOnLoadAttributes (817ms)
			ProcessInitializeOnLoadMethodAttributes (88ms)
			AfterProcessingInitializeOnLoad (5ms)
			EditorAssembliesLoaded (0ms)
		ExecutionOrderSort2 (0ms)
		AwakeInstancesAfterBackupRestoration (32ms)
Refreshing native plugins compatible for Editor in 2.21 ms, found 4 plugins.
Preloading 0 native plugins for Editor in 0.00 ms.
Unloading 35 Unused Serialized files (Serialized files now loaded: 0)
Unloading 6781 unused Assets / (7.0 MB). Loaded Objects now: 7479.
Memory consumption went from 149.4 MB to 142.4 MB.
Total: 16.227900 ms (FindLiveObjects: 0.591000 ms CreateObjectMapping: 0.403600 ms MarkObjects: 10.006600 ms  DeleteObjects: 5.225000 ms)

Prepare: number of updated asset objects reloaded= 0
========================================================================
Received Prepare
Begin MonoManager ReloadAssembly
Symbol file LoadedFromMemory is not a mono symbol file
- Loaded All Assemblies, in  1.198 seconds
Refreshing native plugins compatible for Editor in 2.41 ms, found 4 plugins.
Native extension for WindowsStandalone target not found
[Package Manager] Failed to launch server process. Reason: Unity was launched with the -noUpm command-line argument
[Package Manager] Unable to send message (not connected to server process).
[Package Manager] Cannot connect to Unity Package Manager local server
Mono: successfully reloaded assembly
- Finished resetting the current domain, in  1.475 seconds
Domain Reload Profiling: 2675ms
	BeginReloadAssembly (286ms)
		ExecutionOrderSort (0ms)
		DisableScriptedObjects (17ms)
		BackupInstance (0ms)
		ReleaseScriptingObjects (0ms)
		CreateAndSetChildDomain (57ms)
	RebuildCommonClasses (58ms)
	RebuildNativeTypeToScriptingClass (24ms)
	initialDomainReloadingComplete (40ms)
	LoadAllAssembliesAndSetupDomain (791ms)
		LoadAssemblies (574ms)
		RebuildTransferFunctionScriptingTraits (0ms)
		AnalyzeDomain (357ms)
			TypeCache.Refresh (12ms)
				TypeCache.ScanAssembly (0ms)
			BuildScriptInfoCaches (324ms)
			ResolveRequiredComponents (15ms)
	FinalizeReload (1476ms)
		ReleaseScriptCaches (0ms)
		RebuildScriptCaches (0ms)
		SetupLoadedEditorAssemblies (1233ms)
			LogAssemblyErrors (0ms)
			InitializePlatformSupportModulesInManaged (2ms)
			SetLoadedEditorAssemblies (8ms)
			BeforeProcessingInitializeOnLoad (274ms)
			ProcessInitializeOnLoadAttributes (844ms)
			ProcessInitializeOnLoadMethodAttributes (98ms)
			AfterProcessingInitializeOnLoad (6ms)
			EditorAssembliesLoaded (0ms)
		ExecutionOrderSort2 (0ms)
		AwakeInstancesAfterBackupRestoration (30ms)
Refreshing native plugins compatible for Editor in 4.10 ms, found 4 plugins.
Preloading 0 native plugins for Editor in 0.00 ms.
Unloading 35 Unused Serialized files (Serialized files now loaded: 0)
Unloading 6781 unused Assets / (6.4 MB). Loaded Objects now: 7481.
Memory consumption went from 149.4 MB to 143.0 MB.
Total: 15.348300 ms (FindLiveObjects: 1.018700 ms CreateObjectMapping: 0.439500 ms MarkObjects: 9.448000 ms  DeleteObjects: 4.439900 ms)

Prepare: number of updated asset objects reloaded= 0
========================================================================
Received Import Request.
  Time since last request: 212.817189 seconds.
  path: Assets/Scripts/ClearText.cs
  artifactKey: Guid(a8ab9284752ac0246b97f7561d5cd194) Importer(815301076,1909f56bfc062723c751e8b465ee728b)
Start importing Assets/Scripts/ClearText.cs using Guid(a8ab9284752ac0246b97f7561d5cd194) Importer(815301076,1909f56bfc062723c751e8b465ee728b) (PreviewImporter) -> (artifact id: 'daf2bf150ce33f30619939d1770c99f1') in 0.0070399 seconds
Number of updated asset objects reloaded before import = 0Number of asset objects unloaded after import = 0

========================================================================
Received Prepare
Begin MonoManager ReloadAssembly
Symbol file LoadedFromMemory is not a mono symbol file
- Loaded All Assemblies, in  1.326 seconds
Refreshing native plugins compatible for Editor in 3.69 ms, found 4 plugins.
Native extension for WindowsStandalone target not found
[Package Manager] Failed to launch server process. Reason: Unity was launched with the -noUpm command-line argument
[Package Manager] Unable to send message (not connected to server process).
[Package Manager] Cannot connect to Unity Package Manager local server
Mono: successfully reloaded assembly
- Finished resetting the current domain, in  1.517 seconds
Domain Reload Profiling: 2841ms
	BeginReloadAssembly (240ms)
		ExecutionOrderSort (0ms)
		DisableScriptedObjects (14ms)
		BackupInstance (0ms)
		ReleaseScriptingObjects (0ms)
		CreateAndSetChildDomain (65ms)
	RebuildCommonClasses (39ms)
	RebuildNativeTypeToScriptingClass (14ms)
	initialDomainReloadingComplete (39ms)
	LoadAllAssembliesAndSetupDomain (991ms)
		LoadAssemblies (717ms)
		RebuildTransferFunctionScriptingTraits (0ms)
		AnalyzeDomain (370ms)
			TypeCache.Refresh (20ms)
				TypeCache.ScanAssembly (0ms)
			BuildScriptInfoCaches (325ms)
			ResolveRequiredComponents (18ms)
	FinalizeReload (1518ms)
		ReleaseScriptCaches (0ms)
		RebuildScriptCaches (0ms)
		SetupLoadedEditorAssemblies (1237ms)
			LogAssemblyErrors (0ms)
			InitializePlatformSupportModulesInManaged (3ms)
			SetLoadedEditorAssemblies (7ms)
			BeforeProcessingInitializeOnLoad (216ms)
			ProcessInitializeOnLoadAttributes (905ms)
			ProcessInitializeOnLoadMethodAttributes (98ms)
			AfterProcessingInitializeOnLoad (7ms)
			EditorAssembliesLoaded (1ms)
		ExecutionOrderSort2 (0ms)
		AwakeInstancesAfterBackupRestoration (26ms)
Refreshing native plugins compatible for Editor in 2.61 ms, found 4 plugins.
Preloading 0 native plugins for Editor in 0.00 ms.
Unloading 35 Unused Serialized files (Serialized files now loaded: 0)
Unloading 6781 unused Assets / (6.7 MB). Loaded Objects now: 7483.
Memory consumption went from 149.5 MB to 142.8 MB.
Total: 15.198300 ms (FindLiveObjects: 0.690200 ms CreateObjectMapping: 0.729800 ms MarkObjects: 8.149200 ms  DeleteObjects: 5.609400 ms)

Prepare: number of updated asset objects reloaded= 0
========================================================================
Received Prepare
Begin MonoManager ReloadAssembly
[Licensing::Client] Successfully resolved entitlement details
Symbol file LoadedFromMemory is not a mono symbol file
- Loaded All Assemblies, in  0.900 seconds
Refreshing native plugins compatible for Editor in 1.20 ms, found 4 plugins.
Native extension for WindowsStandalone target not found
[Package Manager] Failed to launch server process. Reason: Unity was launched with the -noUpm command-line argument
[Package Manager] Unable to send message (not connected to server process).
[Package Manager] Cannot connect to Unity Package Manager local server
Mono: successfully reloaded assembly
- Finished resetting the current domain, in  1.342 seconds
Domain Reload Profiling: 2243ms
	BeginReloadAssembly (239ms)
		ExecutionOrderSort (0ms)
		DisableScriptedObjects (24ms)
		BackupInstance (0ms)
		ReleaseScriptingObjects (0ms)
		CreateAndSetChildDomain (55ms)
	RebuildCommonClasses (33ms)
	RebuildNativeTypeToScriptingClass (11ms)
	initialDomainReloadingComplete (47ms)
	LoadAllAssembliesAndSetupDomain (569ms)
		LoadAssemblies (426ms)
		RebuildTransferFunctionScriptingTraits (0ms)
		AnalyzeDomain (241ms)
			TypeCache.Refresh (7ms)
				TypeCache.ScanAssembly (0ms)
			BuildScriptInfoCaches (215ms)
			ResolveRequiredComponents (12ms)
	FinalizeReload (1344ms)
		ReleaseScriptCaches (0ms)
		RebuildScriptCaches (0ms)
		SetupLoadedEditorAssemblies (1134ms)
			LogAssemblyErrors (0ms)
			InitializePlatformSupportModulesInManaged (1ms)
			SetLoadedEditorAssemblies (7ms)
			BeforeProcessingInitializeOnLoad (188ms)
			ProcessInitializeOnLoadAttributes (790ms)
			ProcessInitializeOnLoadMethodAttributes (133ms)
			AfterProcessingInitializeOnLoad (15ms)
			EditorAssembliesLoaded (1ms)
		ExecutionOrderSort2 (0ms)
		AwakeInstancesAfterBackupRestoration (40ms)
Refreshing native plugins compatible for Editor in 1.81 ms, found 4 plugins.
Preloading 0 native plugins for Editor in 0.00 ms.
Unloading 35 Unused Serialized files (Serialized files now loaded: 0)
Unloading 6781 unused Assets / (8.1 MB). Loaded Objects now: 7485.
Memory consumption went from 149.5 MB to 141.4 MB.
Total: 20.352000 ms (FindLiveObjects: 1.686800 ms CreateObjectMapping: 0.576000 ms MarkObjects: 9.509200 ms  DeleteObjects: 8.578000 ms)

Prepare: number of updated asset objects reloaded= 0
========================================================================
Received Prepare
Begin MonoManager ReloadAssembly
[Licensing::Client] Successfully resolved entitlement details
Symbol file LoadedFromMemory is not a mono symbol file
- Loaded All Assemblies, in  0.896 seconds
Refreshing native plugins compatible for Editor in 0.92 ms, found 4 plugins.
Native extension for WindowsStandalone target not found
[Package Manager] Failed to launch server process. Reason: Unity was launched with the -noUpm command-line argument
[Package Manager] Unable to send message (not connected to server process).
[Package Manager] Cannot connect to Unity Package Manager local server
Mono: successfully reloaded assembly
- Finished resetting the current domain, in  1.235 seconds
Domain Reload Profiling: 2133ms
	BeginReloadAssembly (230ms)
		ExecutionOrderSort (0ms)
		DisableScriptedObjects (14ms)
		BackupInstance (0ms)
		ReleaseScriptingObjects (0ms)
		CreateAndSetChildDomain (69ms)
	RebuildCommonClasses (46ms)
	RebuildNativeTypeToScriptingClass (17ms)
	initialDomainReloadingComplete (23ms)
	LoadAllAssembliesAndSetupDomain (582ms)
		LoadAssemblies (402ms)
		RebuildTransferFunctionScriptingTraits (0ms)
		AnalyzeDomain (261ms)
			TypeCache.Refresh (7ms)
				TypeCache.ScanAssembly (0ms)
			BuildScriptInfoCaches (232ms)
			ResolveRequiredComponents (15ms)
	FinalizeReload (1236ms)
		ReleaseScriptCaches (0ms)
		RebuildScriptCaches (0ms)
		SetupLoadedEditorAssemblies (1040ms)
			LogAssemblyErrors (0ms)
			InitializePlatformSupportModulesInManaged (2ms)
			SetLoadedEditorAssemblies (7ms)
			BeforeProcessingInitializeOnLoad (210ms)
			ProcessInitializeOnLoadAttributes (732ms)
			ProcessInitializeOnLoadMethodAttributes (81ms)
			AfterProcessingInitializeOnLoad (8ms)
			EditorAssembliesLoaded (1ms)
		ExecutionOrderSort2 (0ms)
		AwakeInstancesAfterBackupRestoration (32ms)
Refreshing native plugins compatible for Editor in 1.29 ms, found 4 plugins.
Preloading 0 native plugins for Editor in 0.00 ms.
Unloading 35 Unused Serialized files (Serialized files now loaded: 0)
Unloading 6781 unused Assets / (6.4 MB). Loaded Objects now: 7487.
Memory consumption went from 149.5 MB to 143.1 MB.
Total: 10.825900 ms (FindLiveObjects: 0.660500 ms CreateObjectMapping: 0.423900 ms MarkObjects: 6.011300 ms  DeleteObjects: 3.728200 ms)

Prepare: number of updated asset objects reloaded= 0
========================================================================
Received Import Request.
  Time since last request: 563.061943 seconds.
  path: Assets/Scenes/MasterScene.unity
  artifactKey: Guid(8c9cfa26abfee488c85f1582747f6a02) Importer(815301076,1909f56bfc062723c751e8b465ee728b)
Start importing Assets/Scenes/MasterScene.unity using Guid(8c9cfa26abfee488c85f1582747f6a02) Importer(815301076,1909f56bfc062723c751e8b465ee728b) (PreviewImporter) -> (artifact id: '4c9c2fbf41ef1e3db8c54f74b42d08e7') in 0.0058311 seconds
Number of updated asset objects reloaded before import = 0Number of asset objects unloaded after import = 0

========================================================================
Received Import Request.
  Time since last request: 6.479802 seconds.
  path: Assets/Scripts/ClearText.cs
  artifactKey: Guid(a8ab9284752ac0246b97f7561d5cd194) Importer(2089858483,192608db42251d675da83286b1cce702)
Start importing Assets/Scripts/ClearText.cs using Guid(a8ab9284752ac0246b97f7561d5cd194) Importer(2089858483,192608db42251d675da83286b1cce702) (ScriptedImporter) -> (artifact id: '5db7a17f3e5227176142e34fca1f0f22') in 0.1662 seconds
Number of updated asset objects reloaded before import = 0Number of asset objects unloaded after import = 0

========================================================================
Received Import Request.
  Time since last request: 0.390344 seconds.
  path: Assets/Scenes/MasterScene 1.unity
  artifactKey: Guid(bbc788ef21a322c4f972a04a55a188bf) Importer(815301076,1909f56bfc062723c751e8b465ee728b)
Start importing Assets/Scenes/MasterScene 1.unity using Guid(bbc788ef21a322c4f972a04a55a188bf) Importer(815301076,1909f56bfc062723c751e8b465ee728b) (PreviewImporter) -> (artifact id: '90b9644b4aca6b93ceb8527f58c2f3eb') in 0.0005853 seconds
Number of updated asset objects reloaded before import = 0Number of asset objects unloaded after import = 0

========================================================================
Received Import Request.
  Time since last request: 0.922638 seconds.
  path: Assets/Scenes/MasterScene 1.unity
  artifactKey: Guid(bbc788ef21a322c4f972a04a55a188bf) Importer(2089858483,192608db42251d675da83286b1cce702)
Start importing Assets/Scenes/MasterScene 1.unity using Guid(bbc788ef21a322c4f972a04a55a188bf) Importer(2089858483,192608db42251d675da83286b1cce702) (ScriptedImporter) -> (artifact id: '6afb4713fac032e34c842c92fe198358') in 0.0207006 seconds
Number of updated asset objects reloaded before import = 0Number of asset objects unloaded after import = 1

========================================================================
Received Import Request.
  Time since last request: 9.251060 seconds.
  path: Assets/Scenes/PlayerScene.unity
  artifactKey: Guid(bbc788ef21a322c4f972a04a55a188bf) Importer(815301076,1909f56bfc062723c751e8b465ee728b)
Start importing Assets/Scenes/PlayerScene.unity using Guid(bbc788ef21a322c4f972a04a55a188bf) Importer(815301076,1909f56bfc062723c751e8b465ee728b) (PreviewImporter) -> (artifact id: '029602771ed8403d4d9d0fe036658cd8') in 0.0008086 seconds
Number of updated asset objects reloaded before import = 0Number of asset objects unloaded after import = 0

========================================================================
Received Import Request.
  Time since last request: 0.938341 seconds.
  path: Assets/Scenes/PlayerScene.unity
  artifactKey: Guid(bbc788ef21a322c4f972a04a55a188bf) Importer(2089858483,192608db42251d675da83286b1cce702)
Start importing Assets/Scenes/PlayerScene.unity using Guid(bbc788ef21a322c4f972a04a55a188bf) Importer(2089858483,192608db42251d675da83286b1cce702) (ScriptedImporter) -> (artifact id: '80a8e0fbfce90df0141f77a09ce27b28') in 0.024464 seconds
Number of updated asset objects reloaded before import = 0Number of asset objects unloaded after import = 1

========================================================================
Received Import Request.
  Time since last request: 59.214487 seconds.
  path: Assets/Scenes/MasterScene.unity
  artifactKey: Guid(8c9cfa26abfee488c85f1582747f6a02) Importer(2089858483,192608db42251d675da83286b1cce702)
Start importing Assets/Scenes/MasterScene.unity using Guid(8c9cfa26abfee488c85f1582747f6a02) Importer(2089858483,192608db42251d675da83286b1cce702) (ScriptedImporter) -> (artifact id: '2973a1164d44118c55cf6605b109f9c0') in 0.0291209 seconds
Number of updated asset objects reloaded before import = 0Number of asset objects unloaded after import = 1

========================================================================
Received Prepare
Refreshing native plugins compatible for Editor in 1.39 ms, found 4 plugins.
Preloading 0 native plugins for Editor in 0.00 ms.
Unloading 35 Unused Serialized files (Serialized files now loaded: 0)
Unloading 6772 unused Assets / (6.7 MB). Loaded Objects now: 7489.
Memory consumption went from 149.8 MB to 143.1 MB.
Total: 33.005200 ms (FindLiveObjects: 0.854700 ms CreateObjectMapping: 0.391300 ms MarkObjects: 28.415100 ms  DeleteObjects: 3.342300 ms)

Prepare: number of updated asset objects reloaded= 0
========================================================================
Received Import Request.
  Time since last request: 2103.709751 seconds.
  path: Assets/LambdaFunctions/GetMonsters.cs
  artifactKey: Guid(009f5e044d450324b8633a9f26b54729) Importer(2089858483,192608db42251d675da83286b1cce702)
Start importing Assets/LambdaFunctions/GetMonsters.cs using Guid(009f5e044d450324b8633a9f26b54729) Importer(2089858483,192608db42251d675da83286b1cce702) (ScriptedImporter) -> (artifact id: '3e595a4f4de17bb38db7e9466d953751') in 0.0231729 seconds
Number of updated asset objects reloaded before import = 0Number of asset objects unloaded after import = 0

========================================================================
Received Import Request.
  Time since last request: 0.000016 seconds.
  path: Assets/LambdaFunctions
  artifactKey: Guid(f7a5752a2bc52f54db3c6e5801aedbd6) Importer(2089858483,192608db42251d675da83286b1cce702)
Start importing Assets/LambdaFunctions using Guid(f7a5752a2bc52f54db3c6e5801aedbd6) Importer(2089858483,192608db42251d675da83286b1cce702) (ScriptedImporter) -> (artifact id: '8cea5f682eaaa5dffde01ba9e101404a') in 0.0169288 seconds
Number of updated asset objects reloaded before import = 0Number of asset objects unloaded after import = 1

========================================================================
Received Prepare
Begin MonoManager ReloadAssembly
[Licensing::Client] Successfully resolved entitlement details
Symbol file LoadedFromMemory is not a mono symbol file
- Loaded All Assemblies, in  1.185 seconds
Refreshing native plugins compatible for Editor in 2.47 ms, found 4 plugins.
Native extension for WindowsStandalone target not found
[Package Manager] Failed to launch server process. Reason: Unity was launched with the -noUpm command-line argument
[Package Manager] Unable to send message (not connected to server process).
[Package Manager] Cannot connect to Unity Package Manager local server
Mono: successfully reloaded assembly
- Finished resetting the current domain, in  1.181 seconds
Domain Reload Profiling: 2363ms
	BeginReloadAssembly (383ms)
		ExecutionOrderSort (0ms)
		DisableScriptedObjects (42ms)
		BackupInstance (0ms)
		ReleaseScriptingObjects (0ms)
		CreateAndSetChildDomain (138ms)
	RebuildCommonClasses (43ms)
	RebuildNativeTypeToScriptingClass (13ms)
	initialDomainReloadingComplete (40ms)
	LoadAllAssembliesAndSetupDomain (702ms)
		LoadAssemblies (569ms)
		RebuildTransferFunctionScriptingTraits (0ms)
		AnalyzeDomain (262ms)
			TypeCache.Refresh (8ms)
				TypeCache.ScanAssembly (0ms)
			BuildScriptInfoCaches (230ms)
			ResolveRequiredComponents (14ms)
	FinalizeReload (1181ms)
		ReleaseScriptCaches (0ms)
		RebuildScriptCaches (0ms)
		SetupLoadedEditorAssemblies (922ms)
			LogAssemblyErrors (0ms)
			InitializePlatformSupportModulesInManaged (2ms)
			SetLoadedEditorAssemblies (7ms)
			BeforeProcessingInitializeOnLoad (223ms)
			ProcessInitializeOnLoadAttributes (616ms)
			ProcessInitializeOnLoadMethodAttributes (68ms)
			AfterProcessingInitializeOnLoad (5ms)
			EditorAssembliesLoaded (1ms)
		ExecutionOrderSort2 (0ms)
		AwakeInstancesAfterBackupRestoration (21ms)
Refreshing native plugins compatible for Editor in 1.87 ms, found 4 plugins.
Preloading 0 native plugins for Editor in 0.00 ms.
Unloading 35 Unused Serialized files (Serialized files now loaded: 0)
Unloading 6781 unused Assets / (6.9 MB). Loaded Objects now: 7489.
Memory consumption went from 149.6 MB to 142.7 MB.
Total: 14.274300 ms (FindLiveObjects: 0.847200 ms CreateObjectMapping: 0.686800 ms MarkObjects: 7.164400 ms  DeleteObjects: 5.574300 ms)

Prepare: number of updated asset objects reloaded= 0
========================================================================
Received Import Request.
  Time since last request: 37.780742 seconds.
  path: Assets/Scripts/GetMonsters.cs
  artifactKey: Guid(edc8d4653a0be6746a14abe319ce5fc1) Importer(815301076,1909f56bfc062723c751e8b465ee728b)
Start importing Assets/Scripts/GetMonsters.cs using Guid(edc8d4653a0be6746a14abe319ce5fc1) Importer(815301076,1909f56bfc062723c751e8b465ee728b) (PreviewImporter) -> (artifact id: '0e01a9fbf9d3b6cfad016cce8373da3b') in 0.0038097 seconds
Number of updated asset objects reloaded before import = 0Number of asset objects unloaded after import = 0

========================================================================
Received Prepare
Refreshing native plugins compatible for Editor in 3.39 ms, found 4 plugins.
Preloading 0 native plugins for Editor in 0.00 ms.
Unloading 35 Unused Serialized files (Serialized files now loaded: 0)
Unloading 6771 unused Assets / (6.6 MB). Loaded Objects now: 7490.
Memory consumption went from 149.8 MB to 143.2 MB.
Total: 11.038300 ms (FindLiveObjects: 0.554000 ms CreateObjectMapping: 0.382900 ms MarkObjects: 6.370400 ms  DeleteObjects: 3.729100 ms)

Prepare: number of updated asset objects reloaded= 0
========================================================================
Received Import Request.
  Time since last request: 4.423016 seconds.
  path: Assets/Scripts/GetMonsters1.cs
  artifactKey: Guid(15ee618fef5671f43b7f2eca9b841d8e) Importer(2089858483,192608db42251d675da83286b1cce702)
Start importing Assets/Scripts/GetMonsters1.cs using Guid(15ee618fef5671f43b7f2eca9b841d8e) Importer(2089858483,192608db42251d675da83286b1cce702) (ScriptedImporter) -> (artifact id: 'caa70915f4c2b54a4afc7b613a866c7d') in 0.1698418 seconds
Number of updated asset objects reloaded before import = 0Number of asset objects unloaded after import = 0

========================================================================
Received Prepare
Refreshing native plugins compatible for Editor in 2.00 ms, found 4 plugins.
Preloading 0 native plugins for Editor in 0.00 ms.
Unloading 35 Unused Serialized files (Serialized files now loaded: 0)
Unloading 6771 unused Assets / (9.9 MB). Loaded Objects now: 7490.
Memory consumption went from 149.8 MB to 139.9 MB.
Total: 17.097900 ms (FindLiveObjects: 0.480500 ms CreateObjectMapping: 0.333900 ms MarkObjects: 4.768900 ms  DeleteObjects: 11.513000 ms)

Prepare: number of updated asset objects reloaded= 0
========================================================================
Received Import Request.
  Time since last request: 6.370450 seconds.
  path: Assets/Scripts/GetCharacters.cs
  artifactKey: Guid(15ee618fef5671f43b7f2eca9b841d8e) Importer(2089858483,192608db42251d675da83286b1cce702)
Start importing Assets/Scripts/GetCharacters.cs using Guid(15ee618fef5671f43b7f2eca9b841d8e) Importer(2089858483,192608db42251d675da83286b1cce702) (ScriptedImporter) -> (artifact id: '3344ab54a8528405ec1649df61b6c3cf') in 0.0295997 seconds
Number of updated asset objects reloaded before import = 0Number of asset objects unloaded after import = 0

========================================================================
Received Prepare
Refreshing native plugins compatible for Editor in 9.58 ms, found 4 plugins.
Preloading 0 native plugins for Editor in 0.00 ms.
Unloading 35 Unused Serialized files (Serialized files now loaded: 0)
Unloading 6771 unused Assets / (8.4 MB). Loaded Objects now: 7490.
Memory consumption went from 149.8 MB to 141.4 MB.
Total: 36.717200 ms (FindLiveObjects: 1.437300 ms CreateObjectMapping: 1.632600 ms MarkObjects: 15.588500 ms  DeleteObjects: 18.055700 ms)

Prepare: number of updated asset objects reloaded= 0
========================================================================
Received Import Request.
  Time since last request: 921.787100 seconds.
  path: Assets/Scripts/GetCharacters.cs
  artifactKey: Guid(15ee618fef5671f43b7f2eca9b841d8e) Importer(2089858483,192608db42251d675da83286b1cce702)
Start importing Assets/Scripts/GetCharacters.cs using Guid(15ee618fef5671f43b7f2eca9b841d8e) Importer(2089858483,192608db42251d675da83286b1cce702) (ScriptedImporter) -> (artifact id: 'd546c1dfc67be13d91d0c81202375004') in 0.0599663 seconds
Number of updated asset objects reloaded before import = 0Number of asset objects unloaded after import = 0

========================================================================
Received Prepare
Refreshing native plugins compatible for Editor in 1.29 ms, found 4 plugins.
Preloading 0 native plugins for Editor in 0.00 ms.
Unloading 35 Unused Serialized files (Serialized files now loaded: 0)
Unloading 6771 unused Assets / (7.7 MB). Loaded Objects now: 7490.
Memory consumption went from 149.8 MB to 142.1 MB.
Total: 13.939500 ms (FindLiveObjects: 0.978400 ms CreateObjectMapping: 0.323600 ms MarkObjects: 6.240100 ms  DeleteObjects: 6.396200 ms)

Prepare: number of updated asset objects reloaded= 0
========================================================================
Received Import Request.
  Time since last request: 1.762722 seconds.
  path: Assets/Scripts/GetCharacters.cs
  artifactKey: Guid(15ee618fef5671f43b7f2eca9b841d8e) Importer(2089858483,192608db42251d675da83286b1cce702)
Start importing Assets/Scripts/GetCharacters.cs using Guid(15ee618fef5671f43b7f2eca9b841d8e) Importer(2089858483,192608db42251d675da83286b1cce702) (ScriptedImporter) -> (artifact id: 'eb79aeb94a93493b7f8852495a1dd2c3') in 0.0258623 seconds
Number of updated asset objects reloaded before import = 0Number of asset objects unloaded after import = 0

========================================================================
Received Prepare
Refreshing native plugins compatible for Editor in 1.27 ms, found 4 plugins.
Preloading 0 native plugins for Editor in 0.00 ms.
Unloading 35 Unused Serialized files (Serialized files now loaded: 0)
Unloading 6771 unused Assets / (7.2 MB). Loaded Objects now: 7490.
Memory consumption went from 149.8 MB to 142.6 MB.
Total: 11.672000 ms (FindLiveObjects: 0.914500 ms CreateObjectMapping: 0.850800 ms MarkObjects: 5.918100 ms  DeleteObjects: 3.987100 ms)

Prepare: number of updated asset objects reloaded= 0
========================================================================
Received Import Request.
  Time since last request: 97.185081 seconds.
  path: Assets/Scripts/GetCharacters.cs
  artifactKey: Guid(15ee618fef5671f43b7f2eca9b841d8e) Importer(815301076,1909f56bfc062723c751e8b465ee728b)
Start importing Assets/Scripts/GetCharacters.cs using Guid(15ee618fef5671f43b7f2eca9b841d8e) Importer(815301076,1909f56bfc062723c751e8b465ee728b) (PreviewImporter) -> (artifact id: '9378035053028bc9e06a58eea968d348') in 0.0013099 seconds
Number of updated asset objects reloaded before import = 0Number of asset objects unloaded after import = 0

========================================================================
Received Import Request.
  Time since last request: 0.077974 seconds.
  path: Assets/Scripts/GetMonsters.cs
  artifactKey: Guid(edc8d4653a0be6746a14abe319ce5fc1) Importer(2089858483,192608db42251d675da83286b1cce702)
Start importing Assets/Scripts/GetMonsters.cs using Guid(edc8d4653a0be6746a14abe319ce5fc1) Importer(2089858483,192608db42251d675da83286b1cce702) (ScriptedImporter) -> (artifact id: '5ee3457864049405a2bd6dc09bf6f031') in 0.0399719 seconds
Number of updated asset objects reloaded before import = 0Number of asset objects unloaded after import = 0

========================================================================
Received Import Request.
  Time since last request: 7.906933 seconds.
  path: Assets/Scenes/MasterScene.unity
  artifactKey: Guid(8c9cfa26abfee488c85f1582747f6a02) Importer(815301076,1909f56bfc062723c751e8b465ee728b)
Start importing Assets/Scenes/MasterScene.unity using Guid(8c9cfa26abfee488c85f1582747f6a02) Importer(815301076,1909f56bfc062723c751e8b465ee728b) (PreviewImporter) -> (artifact id: '6635aa62524808b0f092c77d2d36136d') in 0.0008349 seconds
Number of updated asset objects reloaded before import = 0Number of asset objects unloaded after import = 0

========================================================================
Received Import Request.
  Time since last request: 25.357888 seconds.
  path: Assets/Scenes/c.unity
  artifactKey: Guid(bbc788ef21a322c4f972a04a55a188bf) Importer(815301076,1909f56bfc062723c751e8b465ee728b)
Start importing Assets/Scenes/c.unity using Guid(bbc788ef21a322c4f972a04a55a188bf) Importer(815301076,1909f56bfc062723c751e8b465ee728b) (PreviewImporter) -> (artifact id: '1ea4b44858620da8d62bc903eb18ae5d') in 0.0010418 seconds
Number of updated asset objects reloaded before import = 0Number of asset objects unloaded after import = 0

========================================================================
Received Import Request.
  Time since last request: 0.918048 seconds.
  path: Assets/Scenes/c.unity
  artifactKey: Guid(bbc788ef21a322c4f972a04a55a188bf) Importer(2089858483,192608db42251d675da83286b1cce702)
Start importing Assets/Scenes/c.unity using Guid(bbc788ef21a322c4f972a04a55a188bf) Importer(2089858483,192608db42251d675da83286b1cce702) (ScriptedImporter) -> (artifact id: '8f47f794ceea6e5442254d24180d5035') in 0.030797 seconds
Number of updated asset objects reloaded before import = 0Number of asset objects unloaded after import = 1

========================================================================
Received Import Request.
  Time since last request: 3.252352 seconds.
  path: Assets/Scenes/PlayerScene.unity
  artifactKey: Guid(8c9cfa26abfee488c85f1582747f6a02) Importer(815301076,1909f56bfc062723c751e8b465ee728b)
Start importing Assets/Scenes/PlayerScene.unity using Guid(8c9cfa26abfee488c85f1582747f6a02) Importer(815301076,1909f56bfc062723c751e8b465ee728b) (PreviewImporter) -> (artifact id: 'af93c70ad87771f07212719b72f0915d') in 0.0011237 seconds
Number of updated asset objects reloaded before import = 0Number of asset objects unloaded after import = 0

========================================================================
Received Import Request.
  Time since last request: 0.938666 seconds.
  path: Assets/Scenes/PlayerScene.unity
  artifactKey: Guid(8c9cfa26abfee488c85f1582747f6a02) Importer(2089858483,192608db42251d675da83286b1cce702)
Start importing Assets/Scenes/PlayerScene.unity using Guid(8c9cfa26abfee488c85f1582747f6a02) Importer(2089858483,192608db42251d675da83286b1cce702) (ScriptedImporter) -> (artifact id: 'affb149d471d83d7aa7dafb82fcb0f55') in 0.0269954 seconds
Number of updated asset objects reloaded before import = 0Number of asset objects unloaded after import = 1

========================================================================
Received Import Request.
  Time since last request: 5.160477 seconds.
  path: Assets/Scenes/MasterScene.unity
  artifactKey: Guid(bbc788ef21a322c4f972a04a55a188bf) Importer(815301076,1909f56bfc062723c751e8b465ee728b)
Start importing Assets/Scenes/MasterScene.unity using Guid(bbc788ef21a322c4f972a04a55a188bf) Importer(815301076,1909f56bfc062723c751e8b465ee728b) (PreviewImporter) -> (artifact id: '1125d519f17860ff82520d2752b674cf') in 0.0009346 seconds
Number of updated asset objects reloaded before import = 0Number of asset objects unloaded after import = 0

========================================================================
Received Import Request.
  Time since last request: 0.933226 seconds.
  path: Assets/Scenes/MasterScene.unity
  artifactKey: Guid(bbc788ef21a322c4f972a04a55a188bf) Importer(2089858483,192608db42251d675da83286b1cce702)
Start importing Assets/Scenes/MasterScene.unity using Guid(bbc788ef21a322c4f972a04a55a188bf) Importer(2089858483,192608db42251d675da83286b1cce702) (ScriptedImporter) -> (artifact id: '5dcafddbbfe062101a823ed756a26e36') in 0.0206561 seconds
Number of updated asset objects reloaded before import = 0Number of asset objects unloaded after import = 1

========================================================================
Received Prepare
Refreshing native plugins compatible for Editor in 1.23 ms, found 4 plugins.
Preloading 0 native plugins for Editor in 0.00 ms.
Unloading 35 Unused Serialized files (Serialized files now loaded: 0)
Unloading 6771 unused Assets / (6.8 MB). Loaded Objects now: 7490.
Memory consumption went from 149.8 MB to 143.1 MB.
Total: 10.309200 ms (FindLiveObjects: 0.527800 ms CreateObjectMapping: 0.412100 ms MarkObjects: 5.914100 ms  DeleteObjects: 3.453300 ms)

Prepare: number of updated asset objects reloaded= 0
========================================================================
Received Import Request.
  Time since last request: 47.645104 seconds.
  path: Assets/Scripts/GetCharacters.cs
  artifactKey: Guid(15ee618fef5671f43b7f2eca9b841d8e) Importer(2089858483,192608db42251d675da83286b1cce702)
Start importing Assets/Scripts/GetCharacters.cs using Guid(15ee618fef5671f43b7f2eca9b841d8e) Importer(2089858483,192608db42251d675da83286b1cce702) (ScriptedImporter) -> (artifact id: 'd6495000137ba9ab6da6d7da457d251c') in 0.0238024 seconds
Number of updated asset objects reloaded before import = 0Number of asset objects unloaded after import = 0

========================================================================
Received Prepare
Refreshing native plugins compatible for Editor in 1.06 ms, found 4 plugins.
Preloading 0 native plugins for Editor in 0.00 ms.
Unloading 35 Unused Serialized files (Serialized files now loaded: 0)
Unloading 6771 unused Assets / (7.4 MB). Loaded Objects now: 7490.
Memory consumption went from 149.8 MB to 142.4 MB.
Total: 8.006500 ms (FindLiveObjects: 0.488700 ms CreateObjectMapping: 0.324400 ms MarkObjects: 4.273700 ms  DeleteObjects: 2.918700 ms)

Prepare: number of updated asset objects reloaded= 0
========================================================================
Received Import Request.
  Time since last request: 14.892497 seconds.
  path: Assets/Scripts/GetCharacters.cs
  artifactKey: Guid(15ee618fef5671f43b7f2eca9b841d8e) Importer(2089858483,192608db42251d675da83286b1cce702)
Start importing Assets/Scripts/GetCharacters.cs using Guid(15ee618fef5671f43b7f2eca9b841d8e) Importer(2089858483,192608db42251d675da83286b1cce702) (ScriptedImporter) -> (artifact id: '7b6064d7402dbac40619d634db65859c') in 0.0213868 seconds
Number of updated asset objects reloaded before import = 0Number of asset objects unloaded after import = 0

========================================================================
Received Prepare
Refreshing native plugins compatible for Editor in 1.42 ms, found 4 plugins.
Preloading 0 native plugins for Editor in 0.00 ms.
Unloading 35 Unused Serialized files (Serialized files now loaded: 0)
Unloading 6771 unused Assets / (6.6 MB). Loaded Objects now: 7490.
Memory consumption went from 149.8 MB to 143.2 MB.
Total: 8.474300 ms (FindLiveObjects: 0.555600 ms CreateObjectMapping: 0.444100 ms MarkObjects: 4.360500 ms  DeleteObjects: 3.112800 ms)

Prepare: number of updated asset objects reloaded= 0
========================================================================
Received Import Request.
  Time since last request: 72.983446 seconds.
  path: Assets/Scripts/GetCharacters.cs
  artifactKey: Guid(15ee618fef5671f43b7f2eca9b841d8e) Importer(2089858483,192608db42251d675da83286b1cce702)
Start importing Assets/Scripts/GetCharacters.cs using Guid(15ee618fef5671f43b7f2eca9b841d8e) Importer(2089858483,192608db42251d675da83286b1cce702) (ScriptedImporter) -> (artifact id: '0604d03e355318e78e02811c10713077') in 0.0261827 seconds
Number of updated asset objects reloaded before import = 0Number of asset objects unloaded after import = 0

========================================================================
Received Prepare
Begin MonoManager ReloadAssembly
[Licensing::Client] Successfully resolved entitlement details
Symbol file LoadedFromMemory is not a mono symbol file
- Loaded All Assemblies, in  8.659 seconds
Refreshing native plugins compatible for Editor in 1.38 ms, found 4 plugins.
Native extension for WindowsStandalone target not found
[Package Manager] Failed to launch server process. Reason: Unity was launched with the -noUpm command-line argument
[Package Manager] Unable to send message (not connected to server process).
[Package Manager] Cannot connect to Unity Package Manager local server
Mono: successfully reloaded assembly
- Finished resetting the current domain, in  1.499 seconds
Domain Reload Profiling: 10160ms
	BeginReloadAssembly (971ms)
		ExecutionOrderSort (0ms)
		DisableScriptedObjects (17ms)
		BackupInstance (0ms)
		ReleaseScriptingObjects (0ms)
		CreateAndSetChildDomain (57ms)
	RebuildCommonClasses (379ms)
	RebuildNativeTypeToScriptingClass (9ms)
	initialDomainReloadingComplete (31ms)
	LoadAllAssembliesAndSetupDomain (7272ms)
		LoadAssemblies (6625ms)
		RebuildTransferFunctionScriptingTraits (0ms)
		AnalyzeDomain (1482ms)
			TypeCache.Refresh (14ms)
				TypeCache.ScanAssembly (0ms)
			BuildScriptInfoCaches (1450ms)
			ResolveRequiredComponents (13ms)
	FinalizeReload (1499ms)
		ReleaseScriptCaches (0ms)
		RebuildScriptCaches (0ms)
		SetupLoadedEditorAssemblies (1260ms)
			LogAssemblyErrors (0ms)
			InitializePlatformSupportModulesInManaged (2ms)
			SetLoadedEditorAssemblies (9ms)
			BeforeProcessingInitializeOnLoad (262ms)
			ProcessInitializeOnLoadAttributes (903ms)
			ProcessInitializeOnLoadMethodAttributes (76ms)
			AfterProcessingInitializeOnLoad (8ms)
			EditorAssembliesLoaded (1ms)
		ExecutionOrderSort2 (0ms)
		AwakeInstancesAfterBackupRestoration (25ms)
Refreshing native plugins compatible for Editor in 1.48 ms, found 4 plugins.
Preloading 0 native plugins for Editor in 0.00 ms.
Unloading 35 Unused Serialized files (Serialized files now loaded: 0)
Unloading 6782 unused Assets / (6.4 MB). Loaded Objects now: 7492.
Memory consumption went from 149.6 MB to 143.2 MB.
Total: 10.728200 ms (FindLiveObjects: 0.551400 ms CreateObjectMapping: 0.419200 ms MarkObjects: 5.436500 ms  DeleteObjects: 4.319800 ms)

Prepare: number of updated asset objects reloaded= 0
========================================================================
Received Prepare
Begin MonoManager ReloadAssembly
Symbol file LoadedFromMemory is not a mono symbol file
- Loaded All Assemblies, in  1.248 seconds
Refreshing native plugins compatible for Editor in 2.78 ms, found 4 plugins.
Native extension for WindowsStandalone target not found
[Package Manager] Failed to launch server process. Reason: Unity was launched with the -noUpm command-line argument
[Package Manager] Unable to send message (not connected to server process).
[Package Manager] Cannot connect to Unity Package Manager local server
Mono: successfully reloaded assembly
- Finished resetting the current domain, in  1.726 seconds
Domain Reload Profiling: 2971ms
	BeginReloadAssembly (296ms)
		ExecutionOrderSort (0ms)
		DisableScriptedObjects (16ms)
		BackupInstance (0ms)
		ReleaseScriptingObjects (0ms)
		CreateAndSetChildDomain (59ms)
	RebuildCommonClasses (67ms)
	RebuildNativeTypeToScriptingClass (22ms)
	initialDomainReloadingComplete (58ms)
	LoadAllAssembliesAndSetupDomain (801ms)
		LoadAssemblies (591ms)
		RebuildTransferFunctionScriptingTraits (0ms)
		AnalyzeDomain (353ms)
			TypeCache.Refresh (9ms)
				TypeCache.ScanAssembly (0ms)
			BuildScriptInfoCaches (320ms)
			ResolveRequiredComponents (17ms)
	FinalizeReload (1727ms)
		ReleaseScriptCaches (0ms)
		RebuildScriptCaches (0ms)
		SetupLoadedEditorAssemblies (1439ms)
			LogAssemblyErrors (0ms)
			InitializePlatformSupportModulesInManaged (3ms)
			SetLoadedEditorAssemblies (7ms)
			BeforeProcessingInitializeOnLoad (268ms)
			ProcessInitializeOnLoadAttributes (996ms)
			ProcessInitializeOnLoadMethodAttributes (151ms)
			AfterProcessingInitializeOnLoad (13ms)
			EditorAssembliesLoaded (1ms)
		ExecutionOrderSort2 (0ms)
		AwakeInstancesAfterBackupRestoration (41ms)
Refreshing native plugins compatible for Editor in 2.32 ms, found 4 plugins.
Preloading 0 native plugins for Editor in 0.00 ms.
Unloading 35 Unused Serialized files (Serialized files now loaded: 0)
Unloading 6782 unused Assets / (7.1 MB). Loaded Objects now: 7494.
Memory consumption went from 149.7 MB to 142.6 MB.
Total: 16.701500 ms (FindLiveObjects: 1.752800 ms CreateObjectMapping: 0.690700 ms MarkObjects: 8.065600 ms  DeleteObjects: 6.189900 ms)

Prepare: number of updated asset objects reloaded= 0
========================================================================
Received Prepare
Begin MonoManager ReloadAssembly
Symbol file LoadedFromMemory is not a mono symbol file
- Loaded All Assemblies, in  0.923 seconds
Refreshing native plugins compatible for Editor in 1.10 ms, found 4 plugins.
Native extension for WindowsStandalone target not found
[Package Manager] Failed to launch server process. Reason: Unity was launched with the -noUpm command-line argument
[Package Manager] Unable to send message (not connected to server process).
[Package Manager] Cannot connect to Unity Package Manager local server
Mono: successfully reloaded assembly
- Finished resetting the current domain, in  1.293 seconds
Domain Reload Profiling: 2218ms
	BeginReloadAssembly (228ms)
		ExecutionOrderSort (0ms)
		DisableScriptedObjects (13ms)
		BackupInstance (0ms)
		ReleaseScriptingObjects (0ms)
		CreateAndSetChildDomain (61ms)
	RebuildCommonClasses (41ms)
	RebuildNativeTypeToScriptingClass (19ms)
	initialDomainReloadingComplete (42ms)
	LoadAllAssembliesAndSetupDomain (594ms)
		LoadAssemblies (436ms)
		RebuildTransferFunctionScriptingTraits (0ms)
		AnalyzeDomain (246ms)
			TypeCache.Refresh (12ms)
				TypeCache.ScanAssembly (0ms)
			BuildScriptInfoCaches (216ms)
			ResolveRequiredComponents (13ms)
	FinalizeReload (1293ms)
		ReleaseScriptCaches (0ms)
		RebuildScriptCaches (0ms)
		SetupLoadedEditorAssemblies (1081ms)
			LogAssemblyErrors (0ms)
			InitializePlatformSupportModulesInManaged (2ms)
			SetLoadedEditorAssemblies (7ms)
			BeforeProcessingInitializeOnLoad (197ms)
			ProcessInitializeOnLoadAttributes (732ms)
			ProcessInitializeOnLoadMethodAttributes (129ms)
			AfterProcessingInitializeOnLoad (12ms)
			EditorAssembliesLoaded (1ms)
		ExecutionOrderSort2 (0ms)
		AwakeInstancesAfterBackupRestoration (44ms)
Refreshing native plugins compatible for Editor in 4.37 ms, found 4 plugins.
Preloading 0 native plugins for Editor in 0.00 ms.
Unloading 35 Unused Serialized files (Serialized files now loaded: 0)
Unloading 6782 unused Assets / (6.8 MB). Loaded Objects now: 7496.
Memory consumption went from 149.7 MB to 143.0 MB.
Total: 18.782900 ms (FindLiveObjects: 1.632000 ms CreateObjectMapping: 0.772300 ms MarkObjects: 10.780800 ms  DeleteObjects: 5.595200 ms)

Prepare: number of updated asset objects reloaded= 0
========================================================================
Received Prepare
Begin MonoManager ReloadAssembly
[Licensing::Client] Successfully resolved entitlement details
Symbol file LoadedFromMemory is not a mono symbol file
- Loaded All Assemblies, in  0.857 seconds
Refreshing native plugins compatible for Editor in 1.98 ms, found 4 plugins.
Native extension for WindowsStandalone target not found
[Package Manager] Failed to launch server process. Reason: Unity was launched with the -noUpm command-line argument
[Package Manager] Unable to send message (not connected to server process).
[Package Manager] Cannot connect to Unity Package Manager local server
Mono: successfully reloaded assembly
- Finished resetting the current domain, in  1.264 seconds
Domain Reload Profiling: 2122ms
	BeginReloadAssembly (222ms)
		ExecutionOrderSort (0ms)
		DisableScriptedObjects (17ms)
		BackupInstance (0ms)
		ReleaseScriptingObjects (0ms)
		CreateAndSetChildDomain (48ms)
	RebuildCommonClasses (33ms)
	RebuildNativeTypeToScriptingClass (11ms)
	initialDomainReloadingComplete (35ms)
	LoadAllAssembliesAndSetupDomain (557ms)
		LoadAssemblies (427ms)
		RebuildTransferFunctionScriptingTraits (0ms)
		AnalyzeDomain (229ms)
			TypeCache.Refresh (8ms)
				TypeCache.ScanAssembly (0ms)
			BuildScriptInfoCaches (208ms)
			ResolveRequiredComponents (10ms)
	FinalizeReload (1265ms)
		ReleaseScriptCaches (0ms)
		RebuildScriptCaches (0ms)
		SetupLoadedEditorAssemblies (1070ms)
			LogAssemblyErrors (0ms)
			InitializePlatformSupportModulesInManaged (2ms)
			SetLoadedEditorAssemblies (6ms)
			BeforeProcessingInitializeOnLoad (187ms)
			ProcessInitializeOnLoadAttributes (762ms)
			ProcessInitializeOnLoadMethodAttributes (100ms)
			AfterProcessingInitializeOnLoad (12ms)
			EditorAssembliesLoaded (1ms)
		ExecutionOrderSort2 (0ms)
		AwakeInstancesAfterBackupRestoration (29ms)
Refreshing native plugins compatible for Editor in 1.93 ms, found 4 plugins.
Preloading 0 native plugins for Editor in 0.00 ms.
Unloading 35 Unused Serialized files (Serialized files now loaded: 0)
Unloading 6782 unused Assets / (7.1 MB). Loaded Objects now: 7498.
Memory consumption went from 149.8 MB to 142.7 MB.
Total: 12.317200 ms (FindLiveObjects: 0.907000 ms CreateObjectMapping: 0.574400 ms MarkObjects: 6.005700 ms  DeleteObjects: 4.828200 ms)

Prepare: number of updated asset objects reloaded= 0
========================================================================
Received Prepare
Begin MonoManager ReloadAssembly
[Licensing::Client] Successfully resolved entitlement details
Symbol file LoadedFromMemory is not a mono symbol file
- Loaded All Assemblies, in  0.866 seconds
Refreshing native plugins compatible for Editor in 2.15 ms, found 4 plugins.
Native extension for WindowsStandalone target not found
[Package Manager] Failed to launch server process. Reason: Unity was launched with the -noUpm command-line argument
[Package Manager] Unable to send message (not connected to server process).
[Package Manager] Cannot connect to Unity Package Manager local server
Mono: successfully reloaded assembly
- Finished resetting the current domain, in  1.176 seconds
Domain Reload Profiling: 2045ms
	BeginReloadAssembly (246ms)
		ExecutionOrderSort (0ms)
		DisableScriptedObjects (15ms)
		BackupInstance (0ms)
		ReleaseScriptingObjects (0ms)
		CreateAndSetChildDomain (50ms)
	RebuildCommonClasses (36ms)
	RebuildNativeTypeToScriptingClass (11ms)
	initialDomainReloadingComplete (24ms)
	LoadAllAssembliesAndSetupDomain (550ms)
		LoadAssemblies (424ms)
		RebuildTransferFunctionScriptingTraits (0ms)
		AnalyzeDomain (245ms)
			TypeCache.Refresh (7ms)
				TypeCache.ScanAssembly (0ms)
			BuildScriptInfoCaches (222ms)
			ResolveRequiredComponents (11ms)
	FinalizeReload (1178ms)
		ReleaseScriptCaches (0ms)
		RebuildScriptCaches (0ms)
		SetupLoadedEditorAssemblies (970ms)
			LogAssemblyErrors (0ms)
			InitializePlatformSupportModulesInManaged (2ms)
			SetLoadedEditorAssemblies (7ms)
			BeforeProcessingInitializeOnLoad (194ms)
			ProcessInitializeOnLoadAttributes (653ms)
			ProcessInitializeOnLoadMethodAttributes (103ms)
			AfterProcessingInitializeOnLoad (10ms)
			EditorAssembliesLoaded (1ms)
		ExecutionOrderSort2 (0ms)
		AwakeInstancesAfterBackupRestoration (30ms)
Refreshing native plugins compatible for Editor in 1.60 ms, found 4 plugins.
Preloading 0 native plugins for Editor in 0.00 ms.
Unloading 35 Unused Serialized files (Serialized files now loaded: 0)
Unloading 6782 unused Assets / (6.8 MB). Loaded Objects now: 7500.
Memory consumption went from 149.8 MB to 143.0 MB.
Total: 11.466400 ms (FindLiveObjects: 0.853100 ms CreateObjectMapping: 0.550900 ms MarkObjects: 5.617000 ms  DeleteObjects: 4.443100 ms)

Prepare: number of updated asset objects reloaded= 0
========================================================================
Received Prepare
Begin MonoManager ReloadAssembly
[Licensing::Client] Successfully resolved entitlement details
Symbol file LoadedFromMemory is not a mono symbol file
- Loaded All Assemblies, in  0.866 seconds
Refreshing native plugins compatible for Editor in 2.36 ms, found 4 plugins.
Native extension for WindowsStandalone target not found
[Package Manager] Failed to launch server process. Reason: Unity was launched with the -noUpm command-line argument
[Package Manager] Unable to send message (not connected to server process).
[Package Manager] Cannot connect to Unity Package Manager local server
Mono: successfully reloaded assembly
- Finished resetting the current domain, in  0.890 seconds
Domain Reload Profiling: 1758ms
	BeginReloadAssembly (224ms)
		ExecutionOrderSort (0ms)
		DisableScriptedObjects (22ms)
		BackupInstance (0ms)
		ReleaseScriptingObjects (0ms)
		CreateAndSetChildDomain (54ms)
	RebuildCommonClasses (36ms)
	RebuildNativeTypeToScriptingClass (14ms)
	initialDomainReloadingComplete (32ms)
	LoadAllAssembliesAndSetupDomain (562ms)
		LoadAssemblies (387ms)
		RebuildTransferFunctionScriptingTraits (0ms)
		AnalyzeDomain (261ms)
			TypeCache.Refresh (14ms)
				TypeCache.ScanAssembly (0ms)
			BuildScriptInfoCaches (227ms)
			ResolveRequiredComponents (15ms)
	FinalizeReload (890ms)
		ReleaseScriptCaches (0ms)
		RebuildScriptCaches (0ms)
		SetupLoadedEditorAssemblies (709ms)
			LogAssemblyErrors (0ms)
			InitializePlatformSupportModulesInManaged (1ms)
			SetLoadedEditorAssemblies (6ms)
			BeforeProcessingInitializeOnLoad (152ms)
			ProcessInitializeOnLoadAttributes (496ms)
			ProcessInitializeOnLoadMethodAttributes (49ms)
			AfterProcessingInitializeOnLoad (4ms)
			EditorAssembliesLoaded (0ms)
		ExecutionOrderSort2 (0ms)
		AwakeInstancesAfterBackupRestoration (15ms)
Refreshing native plugins compatible for Editor in 1.16 ms, found 4 plugins.
Preloading 0 native plugins for Editor in 0.00 ms.
Unloading 35 Unused Serialized files (Serialized files now loaded: 0)
Unloading 6782 unused Assets / (7.0 MB). Loaded Objects now: 7502.
Memory consumption went from 149.8 MB to 142.8 MB.
Total: 11.332900 ms (FindLiveObjects: 0.565700 ms CreateObjectMapping: 0.457800 ms MarkObjects: 6.561600 ms  DeleteObjects: 3.746200 ms)

Prepare: number of updated asset objects reloaded= 0
========================================================================
Received Prepare
Begin MonoManager ReloadAssembly
Symbol file LoadedFromMemory is not a mono symbol file
- Loaded All Assemblies, in  0.867 seconds
Refreshing native plugins compatible for Editor in 1.06 ms, found 4 plugins.
Native extension for WindowsStandalone target not found
[Package Manager] Failed to launch server process. Reason: Unity was launched with the -noUpm command-line argument
[Package Manager] Unable to send message (not connected to server process).
[Package Manager] Cannot connect to Unity Package Manager local server
Mono: successfully reloaded assembly
- Finished resetting the current domain, in  1.271 seconds
Domain Reload Profiling: 2140ms
	BeginReloadAssembly (235ms)
		ExecutionOrderSort (0ms)
		DisableScriptedObjects (15ms)
		BackupInstance (0ms)
		ReleaseScriptingObjects (0ms)
		CreateAndSetChildDomain (53ms)
	RebuildCommonClasses (33ms)
	RebuildNativeTypeToScriptingClass (17ms)
	initialDomainReloadingComplete (41ms)
	LoadAllAssembliesAndSetupDomain (544ms)
		LoadAssemblies (401ms)
		RebuildTransferFunctionScriptingTraits (0ms)
		AnalyzeDomain (242ms)
			TypeCache.Refresh (7ms)
				TypeCache.ScanAssembly (0ms)
			BuildScriptInfoCaches (210ms)
			ResolveRequiredComponents (17ms)
	FinalizeReload (1272ms)
		ReleaseScriptCaches (0ms)
		RebuildScriptCaches (0ms)
		SetupLoadedEditorAssemblies (1094ms)
			LogAssemblyErrors (0ms)
			InitializePlatformSupportModulesInManaged (2ms)
			SetLoadedEditorAssemblies (7ms)
			BeforeProcessingInitializeOnLoad (193ms)
			ProcessInitializeOnLoadAttributes (784ms)
			ProcessInitializeOnLoadMethodAttributes (100ms)
			AfterProcessingInitializeOnLoad (8ms)
			EditorAssembliesLoaded (0ms)
		ExecutionOrderSort2 (0ms)
		AwakeInstancesAfterBackupRestoration (28ms)
Refreshing native plugins compatible for Editor in 1.64 ms, found 4 plugins.
Preloading 0 native plugins for Editor in 0.00 ms.
Unloading 35 Unused Serialized files (Serialized files now loaded: 0)
Unloading 6782 unused Assets / (6.5 MB). Loaded Objects now: 7504.
Memory consumption went from 149.9 MB to 143.4 MB.
Total: 12.657600 ms (FindLiveObjects: 1.298500 ms CreateObjectMapping: 1.235300 ms MarkObjects: 6.831500 ms  DeleteObjects: 3.290200 ms)

Prepare: number of updated asset objects reloaded= 0
========================================================================
Received Prepare
Begin MonoManager ReloadAssembly
Symbol file LoadedFromMemory is not a mono symbol file
- Loaded All Assemblies, in  1.159 seconds
Refreshing native plugins compatible for Editor in 1.82 ms, found 4 plugins.
Native extension for WindowsStandalone target not found
[Package Manager] Failed to launch server process. Reason: Unity was launched with the -noUpm command-line argument
[Package Manager] Unable to send message (not connected to server process).
[Package Manager] Cannot connect to Unity Package Manager local server
Mono: successfully reloaded assembly
- Finished resetting the current domain, in  1.367 seconds
Domain Reload Profiling: 2529ms
	BeginReloadAssembly (302ms)
		ExecutionOrderSort (0ms)
		DisableScriptedObjects (20ms)
		BackupInstance (0ms)
		ReleaseScriptingObjects (0ms)
		CreateAndSetChildDomain (68ms)
	RebuildCommonClasses (48ms)
	RebuildNativeTypeToScriptingClass (22ms)
	initialDomainReloadingComplete (38ms)
	LoadAllAssembliesAndSetupDomain (751ms)
		LoadAssemblies (563ms)
		RebuildTransferFunctionScriptingTraits (0ms)
		AnalyzeDomain (317ms)
			TypeCache.Refresh (18ms)
				TypeCache.ScanAssembly (1ms)
			BuildScriptInfoCaches (279ms)
			ResolveRequiredComponents (14ms)
	FinalizeReload (1368ms)
		ReleaseScriptCaches (0ms)
		RebuildScriptCaches (0ms)
		SetupLoadedEditorAssemblies (1131ms)
			LogAssemblyErrors (0ms)
			InitializePlatformSupportModulesInManaged (3ms)
			SetLoadedEditorAssemblies (10ms)
			BeforeProcessingInitializeOnLoad (270ms)
			ProcessInitializeOnLoadAttributes (767ms)
			ProcessInitializeOnLoadMethodAttributes (73ms)
			AfterProcessingInitializeOnLoad (7ms)
			EditorAssembliesLoaded (0ms)
		ExecutionOrderSort2 (0ms)
		AwakeInstancesAfterBackupRestoration (26ms)
Refreshing native plugins compatible for Editor in 2.41 ms, found 4 plugins.
Preloading 0 native plugins for Editor in 0.00 ms.
Unloading 35 Unused Serialized files (Serialized files now loaded: 0)
Unloading 6782 unused Assets / (6.4 MB). Loaded Objects now: 7506.
Memory consumption went from 149.9 MB to 143.5 MB.
Total: 12.372800 ms (FindLiveObjects: 0.599200 ms CreateObjectMapping: 0.447800 ms MarkObjects: 7.460600 ms  DeleteObjects: 3.863900 ms)

Prepare: number of updated asset objects reloaded= 0
========================================================================
Received Prepare
Begin MonoManager ReloadAssembly
Symbol file LoadedFromMemory is not a mono symbol file
- Loaded All Assemblies, in  1.064 seconds
Refreshing native plugins compatible for Editor in 3.25 ms, found 4 plugins.
Native extension for WindowsStandalone target not found
[Package Manager] Failed to launch server process. Reason: Unity was launched with the -noUpm command-line argument
[Package Manager] Unable to send message (not connected to server process).
[Package Manager] Cannot connect to Unity Package Manager local server
Mono: successfully reloaded assembly
- Finished resetting the current domain, in  1.555 seconds
Domain Reload Profiling: 2620ms
	BeginReloadAssembly (249ms)
		ExecutionOrderSort (0ms)
		DisableScriptedObjects (15ms)
		BackupInstance (0ms)
		ReleaseScriptingObjects (0ms)
		CreateAndSetChildDomain (54ms)
	RebuildCommonClasses (45ms)
	RebuildNativeTypeToScriptingClass (15ms)
	initialDomainReloadingComplete (32ms)
	LoadAllAssembliesAndSetupDomain (724ms)
		LoadAssemblies (511ms)
		RebuildTransferFunctionScriptingTraits (0ms)
		AnalyzeDomain (324ms)
			TypeCache.Refresh (14ms)
				TypeCache.ScanAssembly (0ms)
			BuildScriptInfoCaches (286ms)
			ResolveRequiredComponents (19ms)
	FinalizeReload (1555ms)
		ReleaseScriptCaches (0ms)
		RebuildScriptCaches (0ms)
		SetupLoadedEditorAssemblies (1350ms)
			LogAssemblyErrors (0ms)
			InitializePlatformSupportModulesInManaged (2ms)
			SetLoadedEditorAssemblies (9ms)
			BeforeProcessingInitializeOnLoad (261ms)
			ProcessInitializeOnLoadAttributes (979ms)
			ProcessInitializeOnLoadMethodAttributes (89ms)
			AfterProcessingInitializeOnLoad (9ms)
			EditorAssembliesLoaded (0ms)
		ExecutionOrderSort2 (0ms)
		AwakeInstancesAfterBackupRestoration (21ms)
Refreshing native plugins compatible for Editor in 4.66 ms, found 4 plugins.
Preloading 0 native plugins for Editor in 0.00 ms.
Unloading 35 Unused Serialized files (Serialized files now loaded: 0)
Unloading 6782 unused Assets / (6.7 MB). Loaded Objects now: 7508.
Memory consumption went from 150.0 MB to 143.3 MB.
Total: 17.271300 ms (FindLiveObjects: 0.837400 ms CreateObjectMapping: 1.610800 ms MarkObjects: 10.003100 ms  DeleteObjects: 4.817500 ms)

Prepare: number of updated asset objects reloaded= 0
========================================================================
Received Import Request.
  Time since last request: 405.841956 seconds.
  path: Assets/Scenes/MasterScene.unity
  artifactKey: Guid(bbc788ef21a322c4f972a04a55a188bf) Importer(815301076,1909f56bfc062723c751e8b465ee728b)
Start importing Assets/Scenes/MasterScene.unity using Guid(bbc788ef21a322c4f972a04a55a188bf) Importer(815301076,1909f56bfc062723c751e8b465ee728b) (PreviewImporter) -> (artifact id: '06e007c20f00472d4106910fc8c46582') in 0.0094784 seconds
Number of updated asset objects reloaded before import = 0Number of asset objects unloaded after import = 0

========================================================================
Received Prepare
Begin MonoManager ReloadAssembly
[Licensing::Client] Successfully resolved entitlement details
Symbol file LoadedFromMemory is not a mono symbol file
- Loaded All Assemblies, in  0.920 seconds
Refreshing native plugins compatible for Editor in 1.10 ms, found 4 plugins.
Native extension for WindowsStandalone target not found
[Package Manager] Failed to launch server process. Reason: Unity was launched with the -noUpm command-line argument
[Package Manager] Unable to send message (not connected to server process).
[Package Manager] Cannot connect to Unity Package Manager local server
Mono: successfully reloaded assembly
- Finished resetting the current domain, in  0.912 seconds
Domain Reload Profiling: 1834ms
	BeginReloadAssembly (244ms)
		ExecutionOrderSort (0ms)
		DisableScriptedObjects (20ms)
		BackupInstance (0ms)
		ReleaseScriptingObjects (0ms)
		CreateAndSetChildDomain (56ms)
	RebuildCommonClasses (43ms)
	RebuildNativeTypeToScriptingClass (17ms)
	initialDomainReloadingComplete (28ms)
	LoadAllAssembliesAndSetupDomain (589ms)
		LoadAssemblies (421ms)
		RebuildTransferFunctionScriptingTraits (0ms)
		AnalyzeDomain (270ms)
			TypeCache.Refresh (8ms)
				TypeCache.ScanAssembly (0ms)
			BuildScriptInfoCaches (242ms)
			ResolveRequiredComponents (15ms)
	FinalizeReload (913ms)
		ReleaseScriptCaches (0ms)
		RebuildScriptCaches (0ms)
		SetupLoadedEditorAssemblies (738ms)
			LogAssemblyErrors (0ms)
			InitializePlatformSupportModulesInManaged (2ms)
			SetLoadedEditorAssemblies (7ms)
			BeforeProcessingInitializeOnLoad (199ms)
			ProcessInitializeOnLoadAttributes (468ms)
			ProcessInitializeOnLoadMethodAttributes (59ms)
			AfterProcessingInitializeOnLoad (3ms)
			EditorAssembliesLoaded (0ms)
		ExecutionOrderSort2 (0ms)
		AwakeInstancesAfterBackupRestoration (17ms)
Refreshing native plugins compatible for Editor in 1.01 ms, found 4 plugins.
Preloading 0 native plugins for Editor in 0.00 ms.
Unloading 35 Unused Serialized files (Serialized files now loaded: 0)
Unloading 6782 unused Assets / (7.0 MB). Loaded Objects now: 7510.
Memory consumption went from 150.0 MB to 143.0 MB.
Total: 7.203700 ms (FindLiveObjects: 0.448600 ms CreateObjectMapping: 0.304200 ms MarkObjects: 3.792400 ms  DeleteObjects: 2.657500 ms)

Prepare: number of updated asset objects reloaded= 0
========================================================================
Received Import Request.
  Time since last request: 21.266611 seconds.
  path: Assets/Scenes/PlayerScene.unity
  artifactKey: Guid(8c9cfa26abfee488c85f1582747f6a02) Importer(815301076,1909f56bfc062723c751e8b465ee728b)
Start importing Assets/Scenes/PlayerScene.unity using Guid(8c9cfa26abfee488c85f1582747f6a02) Importer(815301076,1909f56bfc062723c751e8b465ee728b) (PreviewImporter) -> (artifact id: '89ead29d3ca810b3ae9d32a47f765860') in 0.0025545 seconds
Number of updated asset objects reloaded before import = 0Number of asset objects unloaded after import = 0

========================================================================
Received Prepare
Begin MonoManager ReloadAssembly
Symbol file LoadedFromMemory is not a mono symbol file
- Loaded All Assemblies, in  1.700 seconds
Refreshing native plugins compatible for Editor in 2.42 ms, found 4 plugins.
Native extension for WindowsStandalone target not found
[Package Manager] Failed to launch server process. Reason: Unity was launched with the -noUpm command-line argument
[Package Manager] Unable to send message (not connected to server process).
[Package Manager] Cannot connect to Unity Package Manager local server
Mono: successfully reloaded assembly
- Finished resetting the current domain, in  1.481 seconds
Domain Reload Profiling: 3173ms
	BeginReloadAssembly (519ms)
		ExecutionOrderSort (0ms)
		DisableScriptedObjects (40ms)
		BackupInstance (0ms)
		ReleaseScriptingObjects (0ms)
		CreateAndSetChildDomain (121ms)
	RebuildCommonClasses (98ms)
	RebuildNativeTypeToScriptingClass (33ms)
	initialDomainReloadingComplete (85ms)
	LoadAllAssembliesAndSetupDomain (955ms)
		LoadAssemblies (758ms)
		RebuildTransferFunctionScriptingTraits (0ms)
		AnalyzeDomain (426ms)
			TypeCache.Refresh (19ms)
				TypeCache.ScanAssembly (1ms)
			BuildScriptInfoCaches (387ms)
			ResolveRequiredComponents (13ms)
	FinalizeReload (1482ms)
		ReleaseScriptCaches (0ms)
		RebuildScriptCaches (0ms)
		SetupLoadedEditorAssemblies (1244ms)
			LogAssemblyErrors (0ms)
			InitializePlatformSupportModulesInManaged (2ms)
			SetLoadedEditorAssemblies (7ms)
			BeforeProcessingInitializeOnLoad (211ms)
			ProcessInitializeOnLoadAttributes (851ms)
			ProcessInitializeOnLoadMethodAttributes (155ms)
			AfterProcessingInitializeOnLoad (18ms)
			EditorAssembliesLoaded (1ms)
		ExecutionOrderSort2 (0ms)
		AwakeInstancesAfterBackupRestoration (31ms)
Refreshing native plugins compatible for Editor in 4.04 ms, found 4 plugins.
Preloading 0 native plugins for Editor in 0.00 ms.
Unloading 35 Unused Serialized files (Serialized files now loaded: 0)
Unloading 6782 unused Assets / (7.3 MB). Loaded Objects now: 7512.
Memory consumption went from 150.0 MB to 142.7 MB.
Total: 17.311200 ms (FindLiveObjects: 1.399500 ms CreateObjectMapping: 1.024400 ms MarkObjects: 9.588400 ms  DeleteObjects: 5.296300 ms)

Prepare: number of updated asset objects reloaded= 0
========================================================================
Received Prepare
Begin MonoManager ReloadAssembly
Symbol file LoadedFromMemory is not a mono symbol file
- Loaded All Assemblies, in  0.838 seconds
Refreshing native plugins compatible for Editor in 2.43 ms, found 4 plugins.
Native extension for WindowsStandalone target not found
[Package Manager] Failed to launch server process. Reason: Unity was launched with the -noUpm command-line argument
[Package Manager] Unable to send message (not connected to server process).
[Package Manager] Cannot connect to Unity Package Manager local server
Mono: successfully reloaded assembly
- Finished resetting the current domain, in  1.010 seconds
Domain Reload Profiling: 1849ms
	BeginReloadAssembly (217ms)
		ExecutionOrderSort (0ms)
		DisableScriptedObjects (12ms)
		BackupInstance (0ms)
		ReleaseScriptingObjects (0ms)
		CreateAndSetChildDomain (49ms)
	RebuildCommonClasses (35ms)
	RebuildNativeTypeToScriptingClass (17ms)
	initialDomainReloadingComplete (25ms)
	LoadAllAssembliesAndSetupDomain (545ms)
		LoadAssemblies (403ms)
		RebuildTransferFunctionScriptingTraits (0ms)
		AnalyzeDomain (233ms)
			TypeCache.Refresh (10ms)
				TypeCache.ScanAssembly (0ms)
			BuildScriptInfoCaches (209ms)
			ResolveRequiredComponents (9ms)
	FinalizeReload (1011ms)
		ReleaseScriptCaches (0ms)
		RebuildScriptCaches (0ms)
		SetupLoadedEditorAssemblies (850ms)
			LogAssemblyErrors (0ms)
			InitializePlatformSupportModulesInManaged (2ms)
			SetLoadedEditorAssemblies (6ms)
			BeforeProcessingInitializeOnLoad (198ms)
			ProcessInitializeOnLoadAttributes (545ms)
			ProcessInitializeOnLoadMethodAttributes (91ms)
			AfterProcessingInitializeOnLoad (8ms)
			EditorAssembliesLoaded (0ms)
		ExecutionOrderSort2 (0ms)
		AwakeInstancesAfterBackupRestoration (16ms)
Refreshing native plugins compatible for Editor in 2.40 ms, found 4 plugins.
Preloading 0 native plugins for Editor in 0.00 ms.
Unloading 35 Unused Serialized files (Serialized files now loaded: 0)
Unloading 6782 unused Assets / (7.7 MB). Loaded Objects now: 7514.
Memory consumption went from 150.1 MB to 142.4 MB.
Total: 12.224900 ms (FindLiveObjects: 1.078800 ms CreateObjectMapping: 1.312800 ms MarkObjects: 5.748200 ms  DeleteObjects: 4.083500 ms)

Prepare: number of updated asset objects reloaded= 0
========================================================================
Received Prepare
Begin MonoManager ReloadAssembly
Symbol file LoadedFromMemory is not a mono symbol file
- Loaded All Assemblies, in  1.148 seconds
Refreshing native plugins compatible for Editor in 1.55 ms, found 4 plugins.
Native extension for WindowsStandalone target not found
[Package Manager] Failed to launch server process. Reason: Unity was launched with the -noUpm command-line argument
[Package Manager] Unable to send message (not connected to server process).
[Package Manager] Cannot connect to Unity Package Manager local server
Mono: successfully reloaded assembly
- Finished resetting the current domain, in  1.649 seconds
Domain Reload Profiling: 2795ms
	BeginReloadAssembly (283ms)
		ExecutionOrderSort (0ms)
		DisableScriptedObjects (21ms)
		BackupInstance (0ms)
		ReleaseScriptingObjects (0ms)
		CreateAndSetChildDomain (79ms)
	RebuildCommonClasses (51ms)
	RebuildNativeTypeToScriptingClass (21ms)
	initialDomainReloadingComplete (36ms)
	LoadAllAssembliesAndSetupDomain (754ms)
		LoadAssemblies (528ms)
		RebuildTransferFunctionScriptingTraits (0ms)
		AnalyzeDomain (331ms)
			TypeCache.Refresh (9ms)
				TypeCache.ScanAssembly (0ms)
			BuildScriptInfoCaches (300ms)
			ResolveRequiredComponents (15ms)
	FinalizeReload (1650ms)
		ReleaseScriptCaches (0ms)
		RebuildScriptCaches (0ms)
		SetupLoadedEditorAssemblies (1403ms)
			LogAssemblyErrors (0ms)
			InitializePlatformSupportModulesInManaged (2ms)
			SetLoadedEditorAssemblies (8ms)
			BeforeProcessingInitializeOnLoad (293ms)
			ProcessInitializeOnLoadAttributes (951ms)
			ProcessInitializeOnLoadMethodAttributes (140ms)
			AfterProcessingInitializeOnLoad (9ms)
			EditorAssembliesLoaded (1ms)
		ExecutionOrderSort2 (0ms)
		AwakeInstancesAfterBackupRestoration (31ms)
Refreshing native plugins compatible for Editor in 2.35 ms, found 4 plugins.
Preloading 0 native plugins for Editor in 0.00 ms.
Unloading 35 Unused Serialized files (Serialized files now loaded: 0)
Unloading 6782 unused Assets / (8.2 MB). Loaded Objects now: 7516.
Memory consumption went from 150.1 MB to 142.0 MB.
Total: 18.222600 ms (FindLiveObjects: 0.950200 ms CreateObjectMapping: 0.620700 ms MarkObjects: 8.597300 ms  DeleteObjects: 8.051700 ms)

Prepare: number of updated asset objects reloaded= 0
========================================================================
Received Prepare
Refreshing native plugins compatible for Editor in 1.56 ms, found 4 plugins.
Preloading 0 native plugins for Editor in 0.00 ms.
Unloading 35 Unused Serialized files (Serialized files now loaded: 0)
Unloading 6771 unused Assets / (7.2 MB). Loaded Objects now: 7516.
Memory consumption went from 150.3 MB to 143.1 MB.
Total: 11.518800 ms (FindLiveObjects: 0.599000 ms CreateObjectMapping: 0.347700 ms MarkObjects: 7.010500 ms  DeleteObjects: 3.559600 ms)

Prepare: number of updated asset objects reloaded= 0
========================================================================
Received Prepare
Begin MonoManager ReloadAssembly
[Licensing::Client] Successfully resolved entitlement details
Symbol file LoadedFromMemory is not a mono symbol file
- Loaded All Assemblies, in  0.906 seconds
Refreshing native plugins compatible for Editor in 1.05 ms, found 4 plugins.
Native extension for WindowsStandalone target not found
[Package Manager] Failed to launch server process. Reason: Unity was launched with the -noUpm command-line argument
[Package Manager] Unable to send message (not connected to server process).
[Package Manager] Cannot connect to Unity Package Manager local server
Mono: successfully reloaded assembly
- Finished resetting the current domain, in  0.893 seconds
Domain Reload Profiling: 1801ms
	BeginReloadAssembly (243ms)
		ExecutionOrderSort (0ms)
		DisableScriptedObjects (19ms)
		BackupInstance (0ms)
		ReleaseScriptingObjects (0ms)
		CreateAndSetChildDomain (51ms)
	RebuildCommonClasses (50ms)
	RebuildNativeTypeToScriptingClass (20ms)
	initialDomainReloadingComplete (26ms)
	LoadAllAssembliesAndSetupDomain (569ms)
		LoadAssemblies (427ms)
		RebuildTransferFunctionScriptingTraits (0ms)
		AnalyzeDomain (243ms)
			TypeCache.Refresh (10ms)
				TypeCache.ScanAssembly (0ms)
			BuildScriptInfoCaches (219ms)
			ResolveRequiredComponents (9ms)
	FinalizeReload (894ms)
		ReleaseScriptCaches (0ms)
		RebuildScriptCaches (0ms)
		SetupLoadedEditorAssemblies (739ms)
			LogAssemblyErrors (0ms)
			InitializePlatformSupportModulesInManaged (2ms)
			SetLoadedEditorAssemblies (6ms)
			BeforeProcessingInitializeOnLoad (171ms)
			ProcessInitializeOnLoadAttributes (503ms)
			ProcessInitializeOnLoadMethodAttributes (52ms)
			AfterProcessingInitializeOnLoad (4ms)
			EditorAssembliesLoaded (0ms)
		ExecutionOrderSort2 (0ms)
		AwakeInstancesAfterBackupRestoration (16ms)
Refreshing native plugins compatible for Editor in 1.37 ms, found 4 plugins.
Preloading 0 native plugins for Editor in 0.00 ms.
Unloading 35 Unused Serialized files (Serialized files now loaded: 0)
Unloading 6782 unused Assets / (6.3 MB). Loaded Objects now: 7518.
Memory consumption went from 150.2 MB to 143.9 MB.
Total: 11.209700 ms (FindLiveObjects: 1.087800 ms CreateObjectMapping: 0.768300 ms MarkObjects: 6.312600 ms  DeleteObjects: 3.039300 ms)

Prepare: number of updated asset objects reloaded= 0
========================================================================
Received Prepare
Begin MonoManager ReloadAssembly
Symbol file LoadedFromMemory is not a mono symbol file
- Loaded All Assemblies, in  0.920 seconds
Refreshing native plugins compatible for Editor in 1.04 ms, found 4 plugins.
Native extension for WindowsStandalone target not found
[Package Manager] Failed to launch server process. Reason: Unity was launched with the -noUpm command-line argument
[Package Manager] Unable to send message (not connected to server process).
[Package Manager] Cannot connect to Unity Package Manager local server
Mono: successfully reloaded assembly
- Finished resetting the current domain, in  1.098 seconds
Domain Reload Profiling: 2019ms
	BeginReloadAssembly (224ms)
		ExecutionOrderSort (0ms)
		DisableScriptedObjects (15ms)
		BackupInstance (0ms)
		ReleaseScriptingObjects (0ms)
		CreateAndSetChildDomain (55ms)
	RebuildCommonClasses (47ms)
	RebuildNativeTypeToScriptingClass (13ms)
	initialDomainReloadingComplete (30ms)
	LoadAllAssembliesAndSetupDomain (607ms)
		LoadAssemblies (424ms)
		RebuildTransferFunctionScriptingTraits (0ms)
		AnalyzeDomain (276ms)
			TypeCache.Refresh (11ms)
				TypeCache.ScanAssembly (0ms)
			BuildScriptInfoCaches (244ms)
			ResolveRequiredComponents (15ms)
	FinalizeReload (1099ms)
		ReleaseScriptCaches (0ms)
		RebuildScriptCaches (0ms)
		SetupLoadedEditorAssemblies (932ms)
			LogAssemblyErrors (0ms)
			InitializePlatformSupportModulesInManaged (2ms)
			SetLoadedEditorAssemblies (7ms)
			BeforeProcessingInitializeOnLoad (162ms)
			ProcessInitializeOnLoadAttributes (667ms)
			ProcessInitializeOnLoadMethodAttributes (85ms)
			AfterProcessingInitializeOnLoad (9ms)
			EditorAssembliesLoaded (0ms)
		ExecutionOrderSort2 (0ms)
		AwakeInstancesAfterBackupRestoration (21ms)
Refreshing native plugins compatible for Editor in 2.51 ms, found 4 plugins.
Preloading 0 native plugins for Editor in 0.00 ms.
Unloading 35 Unused Serialized files (Serialized files now loaded: 0)
Unloading 6782 unused Assets / (7.1 MB). Loaded Objects now: 7520.
Memory consumption went from 150.2 MB to 143.2 MB.
Total: 14.691200 ms (FindLiveObjects: 1.257000 ms CreateObjectMapping: 0.385900 ms MarkObjects: 7.375800 ms  DeleteObjects: 5.670500 ms)

Prepare: number of updated asset objects reloaded= 0
========================================================================
Received Prepare
Begin MonoManager ReloadAssembly
Symbol file LoadedFromMemory is not a mono symbol file
- Loaded All Assemblies, in  0.879 seconds
Refreshing native plugins compatible for Editor in 0.97 ms, found 4 plugins.
Native extension for WindowsStandalone target not found
[Package Manager] Failed to launch server process. Reason: Unity was launched with the -noUpm command-line argument
[Package Manager] Unable to send message (not connected to server process).
[Package Manager] Cannot connect to Unity Package Manager local server
Mono: successfully reloaded assembly
- Finished resetting the current domain, in  1.073 seconds
Domain Reload Profiling: 1953ms
	BeginReloadAssembly (228ms)
		ExecutionOrderSort (0ms)
		DisableScriptedObjects (13ms)
		BackupInstance (0ms)
		ReleaseScriptingObjects (0ms)
		CreateAndSetChildDomain (46ms)
	RebuildCommonClasses (44ms)
	RebuildNativeTypeToScriptingClass (14ms)
	initialDomainReloadingComplete (40ms)
	LoadAllAssembliesAndSetupDomain (554ms)
		LoadAssemblies (433ms)
		RebuildTransferFunctionScriptingTraits (0ms)
		AnalyzeDomain (231ms)
			TypeCache.Refresh (7ms)
				TypeCache.ScanAssembly (0ms)
			BuildScriptInfoCaches (204ms)
			ResolveRequiredComponents (14ms)
	FinalizeReload (1074ms)
		ReleaseScriptCaches (0ms)
		RebuildScriptCaches (0ms)
		SetupLoadedEditorAssemblies (882ms)
			LogAssemblyErrors (0ms)
			InitializePlatformSupportModulesInManaged (3ms)
			SetLoadedEditorAssemblies (7ms)
			BeforeProcessingInitializeOnLoad (176ms)
			ProcessInitializeOnLoadAttributes (608ms)
			ProcessInitializeOnLoadMethodAttributes (83ms)
			AfterProcessingInitializeOnLoad (6ms)
			EditorAssembliesLoaded (1ms)
		ExecutionOrderSort2 (0ms)
		AwakeInstancesAfterBackupRestoration (30ms)
Refreshing native plugins compatible for Editor in 1.73 ms, found 4 plugins.
Preloading 0 native plugins for Editor in 0.00 ms.
Unloading 35 Unused Serialized files (Serialized files now loaded: 0)
Unloading 6782 unused Assets / (7.3 MB). Loaded Objects now: 7522.
Memory consumption went from 150.2 MB to 142.9 MB.
Total: 12.424500 ms (FindLiveObjects: 0.990400 ms CreateObjectMapping: 0.494700 ms MarkObjects: 5.812500 ms  DeleteObjects: 5.125000 ms)

Prepare: number of updated asset objects reloaded= 0
========================================================================
Received Prepare
Begin MonoManager ReloadAssembly
Symbol file LoadedFromMemory is not a mono symbol file
- Loaded All Assemblies, in  1.119 seconds
Refreshing native plugins compatible for Editor in 2.68 ms, found 4 plugins.
Native extension for WindowsStandalone target not found
[Package Manager] Failed to launch server process. Reason: Unity was launched with the -noUpm command-line argument
[Package Manager] Unable to send message (not connected to server process).
[Package Manager] Cannot connect to Unity Package Manager local server
Mono: successfully reloaded assembly
- Finished resetting the current domain, in  1.498 seconds
Domain Reload Profiling: 2618ms
	BeginReloadAssembly (277ms)
		ExecutionOrderSort (0ms)
		DisableScriptedObjects (20ms)
		BackupInstance (0ms)
		ReleaseScriptingObjects (0ms)
		CreateAndSetChildDomain (72ms)
	RebuildCommonClasses (59ms)
	RebuildNativeTypeToScriptingClass (21ms)
	initialDomainReloadingComplete (31ms)
	LoadAllAssembliesAndSetupDomain (731ms)
		LoadAssemblies (520ms)
		RebuildTransferFunctionScriptingTraits (0ms)
		AnalyzeDomain (331ms)
			TypeCache.Refresh (8ms)
				TypeCache.ScanAssembly (0ms)
			BuildScriptInfoCaches (305ms)
			ResolveRequiredComponents (13ms)
	FinalizeReload (1498ms)
		ReleaseScriptCaches (0ms)
		RebuildScriptCaches (0ms)
		SetupLoadedEditorAssemblies (1243ms)
			LogAssemblyErrors (0ms)
			InitializePlatformSupportModulesInManaged (4ms)
			SetLoadedEditorAssemblies (11ms)
			BeforeProcessingInitializeOnLoad (256ms)
			ProcessInitializeOnLoadAttributes (829ms)
			ProcessInitializeOnLoadMethodAttributes (135ms)
			AfterProcessingInitializeOnLoad (7ms)
			EditorAssembliesLoaded (1ms)
		ExecutionOrderSort2 (0ms)
		AwakeInstancesAfterBackupRestoration (42ms)
Refreshing native plugins compatible for Editor in 2.33 ms, found 4 plugins.
Preloading 0 native plugins for Editor in 0.00 ms.
Unloading 35 Unused Serialized files (Serialized files now loaded: 0)
Unloading 6782 unused Assets / (6.8 MB). Loaded Objects now: 7524.
Memory consumption went from 150.3 MB to 143.5 MB.
Total: 17.342700 ms (FindLiveObjects: 1.182900 ms CreateObjectMapping: 1.387000 ms MarkObjects: 8.400100 ms  DeleteObjects: 6.370100 ms)

Prepare: number of updated asset objects reloaded= 0
========================================================================
Received Prepare
Begin MonoManager ReloadAssembly
[Licensing::Client] Successfully resolved entitlement details
Symbol file LoadedFromMemory is not a mono symbol file
- Loaded All Assemblies, in  1.122 seconds
Refreshing native plugins compatible for Editor in 1.33 ms, found 4 plugins.
Native extension for WindowsStandalone target not found
[Package Manager] Failed to launch server process. Reason: Unity was launched with the -noUpm command-line argument
[Package Manager] Unable to send message (not connected to server process).
[Package Manager] Cannot connect to Unity Package Manager local server
Mono: successfully reloaded assembly
- Finished resetting the current domain, in  1.457 seconds
Domain Reload Profiling: 2576ms
	BeginReloadAssembly (263ms)
		ExecutionOrderSort (0ms)
		DisableScriptedObjects (22ms)
		BackupInstance (0ms)
		ReleaseScriptingObjects (0ms)
		CreateAndSetChildDomain (53ms)
	RebuildCommonClasses (40ms)
	RebuildNativeTypeToScriptingClass (15ms)
	initialDomainReloadingComplete (59ms)
	LoadAllAssembliesAndSetupDomain (741ms)
		LoadAssemblies (534ms)
		RebuildTransferFunctionScriptingTraits (0ms)
		AnalyzeDomain (320ms)
			TypeCache.Refresh (14ms)
				TypeCache.ScanAssembly (0ms)
			BuildScriptInfoCaches (286ms)
			ResolveRequiredComponents (13ms)
	FinalizeReload (1458ms)
		ReleaseScriptCaches (0ms)
		RebuildScriptCaches (0ms)
		SetupLoadedEditorAssemblies (1233ms)
			LogAssemblyErrors (0ms)
			InitializePlatformSupportModulesInManaged (2ms)
			SetLoadedEditorAssemblies (9ms)
			BeforeProcessingInitializeOnLoad (233ms)
			ProcessInitializeOnLoadAttributes (865ms)
			ProcessInitializeOnLoadMethodAttributes (116ms)
			AfterProcessingInitializeOnLoad (8ms)
			EditorAssembliesLoaded (1ms)
		ExecutionOrderSort2 (0ms)
		AwakeInstancesAfterBackupRestoration (32ms)
Refreshing native plugins compatible for Editor in 5.49 ms, found 4 plugins.
Preloading 0 native plugins for Editor in 0.00 ms.
Unloading 35 Unused Serialized files (Serialized files now loaded: 0)
Unloading 6782 unused Assets / (6.6 MB). Loaded Objects now: 7526.
Memory consumption went from 150.3 MB to 143.7 MB.
Total: 16.698200 ms (FindLiveObjects: 1.007800 ms CreateObjectMapping: 0.986000 ms MarkObjects: 9.416200 ms  DeleteObjects: 5.286000 ms)

Prepare: number of updated asset objects reloaded= 0
========================================================================
Received Prepare
Begin MonoManager ReloadAssembly
[Licensing::Client] Successfully resolved entitlement details
Symbol file LoadedFromMemory is not a mono symbol file
- Loaded All Assemblies, in  0.838 seconds
Refreshing native plugins compatible for Editor in 1.22 ms, found 4 plugins.
Native extension for WindowsStandalone target not found
[Package Manager] Failed to launch server process. Reason: Unity was launched with the -noUpm command-line argument
[Package Manager] Unable to send message (not connected to server process).
[Package Manager] Cannot connect to Unity Package Manager local server
Mono: successfully reloaded assembly
- Finished resetting the current domain, in  0.970 seconds
Domain Reload Profiling: 1809ms
	BeginReloadAssembly (226ms)
		ExecutionOrderSort (0ms)
		DisableScriptedObjects (20ms)
		BackupInstance (0ms)
		ReleaseScriptingObjects (0ms)
		CreateAndSetChildDomain (48ms)
	RebuildCommonClasses (36ms)
	RebuildNativeTypeToScriptingClass (16ms)
	initialDomainReloadingComplete (27ms)
	LoadAllAssembliesAndSetupDomain (535ms)
		LoadAssemblies (391ms)
		RebuildTransferFunctionScriptingTraits (0ms)
		AnalyzeDomain (238ms)
			TypeCache.Refresh (10ms)
				TypeCache.ScanAssembly (0ms)
			BuildScriptInfoCaches (210ms)
			ResolveRequiredComponents (14ms)
	FinalizeReload (971ms)
		ReleaseScriptCaches (0ms)
		RebuildScriptCaches (0ms)
		SetupLoadedEditorAssemblies (799ms)
			LogAssemblyErrors (0ms)
			InitializePlatformSupportModulesInManaged (2ms)
			SetLoadedEditorAssemblies (6ms)
			BeforeProcessingInitializeOnLoad (168ms)
			ProcessInitializeOnLoadAttributes (545ms)
			ProcessInitializeOnLoadMethodAttributes (72ms)
			AfterProcessingInitializeOnLoad (6ms)
			EditorAssembliesLoaded (0ms)
		ExecutionOrderSort2 (0ms)
		AwakeInstancesAfterBackupRestoration (24ms)
Refreshing native plugins compatible for Editor in 1.18 ms, found 4 plugins.
Preloading 0 native plugins for Editor in 0.00 ms.
Unloading 35 Unused Serialized files (Serialized files now loaded: 0)
Unloading 6782 unused Assets / (7.9 MB). Loaded Objects now: 7528.
Memory consumption went from 150.4 MB to 142.5 MB.
Total: 12.139400 ms (FindLiveObjects: 0.747200 ms CreateObjectMapping: 0.326000 ms MarkObjects: 6.000300 ms  DeleteObjects: 5.064100 ms)

Prepare: number of updated asset objects reloaded= 0
========================================================================
Received Prepare
Begin MonoManager ReloadAssembly
Symbol file LoadedFromMemory is not a mono symbol file
- Loaded All Assemblies, in  0.918 seconds
Refreshing native plugins compatible for Editor in 1.01 ms, found 4 plugins.
Native extension for WindowsStandalone target not found
[Package Manager] Failed to launch server process. Reason: Unity was launched with the -noUpm command-line argument
[Package Manager] Unable to send message (not connected to server process).
[Package Manager] Cannot connect to Unity Package Manager local server
Mono: successfully reloaded assembly
- Finished resetting the current domain, in  1.208 seconds
Domain Reload Profiling: 2130ms
	BeginReloadAssembly (239ms)
		ExecutionOrderSort (0ms)
		DisableScriptedObjects (16ms)
		BackupInstance (0ms)
		ReleaseScriptingObjects (0ms)
		CreateAndSetChildDomain (65ms)
	RebuildCommonClasses (50ms)
	RebuildNativeTypeToScriptingClass (11ms)
	initialDomainReloadingComplete (37ms)
	LoadAllAssembliesAndSetupDomain (583ms)
		LoadAssemblies (421ms)
		RebuildTransferFunctionScriptingTraits (0ms)
		AnalyzeDomain (261ms)
			TypeCache.Refresh (7ms)
				TypeCache.ScanAssembly (0ms)
			BuildScriptInfoCaches (237ms)
			ResolveRequiredComponents (11ms)
	FinalizeReload (1209ms)
		ReleaseScriptCaches (0ms)
		RebuildScriptCaches (0ms)
		SetupLoadedEditorAssemblies (1002ms)
			LogAssemblyErrors (0ms)
			InitializePlatformSupportModulesInManaged (3ms)
			SetLoadedEditorAssemblies (7ms)
			BeforeProcessingInitializeOnLoad (191ms)
			ProcessInitializeOnLoadAttributes (652ms)
			ProcessInitializeOnLoadMethodAttributes (139ms)
			AfterProcessingInitializeOnLoad (9ms)
			EditorAssembliesLoaded (1ms)
		ExecutionOrderSort2 (0ms)
		AwakeInstancesAfterBackupRestoration (35ms)
Refreshing native plugins compatible for Editor in 2.68 ms, found 4 plugins.
Preloading 0 native plugins for Editor in 0.00 ms.
Unloading 35 Unused Serialized files (Serialized files now loaded: 0)
Unloading 6782 unused Assets / (7.4 MB). Loaded Objects now: 7530.
Memory consumption went from 150.4 MB to 143.0 MB.
Total: 14.271800 ms (FindLiveObjects: 0.613000 ms CreateObjectMapping: 0.539900 ms MarkObjects: 7.562200 ms  DeleteObjects: 5.554100 ms)

Prepare: number of updated asset objects reloaded= 0
========================================================================
Received Prepare
Begin MonoManager ReloadAssembly
Symbol file LoadedFromMemory is not a mono symbol file
- Loaded All Assemblies, in  1.165 seconds
Refreshing native plugins compatible for Editor in 1.37 ms, found 4 plugins.
Native extension for WindowsStandalone target not found
[Package Manager] Failed to launch server process. Reason: Unity was launched with the -noUpm command-line argument
[Package Manager] Unable to send message (not connected to server process).
[Package Manager] Cannot connect to Unity Package Manager local server
Mono: successfully reloaded assembly
- Finished resetting the current domain, in  1.559 seconds
Domain Reload Profiling: 2726ms
	BeginReloadAssembly (271ms)
		ExecutionOrderSort (0ms)
		DisableScriptedObjects (14ms)
		BackupInstance (0ms)
		ReleaseScriptingObjects (0ms)
		CreateAndSetChildDomain (60ms)
	RebuildCommonClasses (58ms)
	RebuildNativeTypeToScriptingClass (20ms)
	initialDomainReloadingComplete (46ms)
	LoadAllAssembliesAndSetupDomain (771ms)
		LoadAssemblies (553ms)
		RebuildTransferFunctionScriptingTraits (0ms)
		AnalyzeDomain (343ms)
			TypeCache.Refresh (14ms)
				TypeCache.ScanAssembly (0ms)
			BuildScriptInfoCaches (303ms)
			ResolveRequiredComponents (19ms)
	FinalizeReload (1560ms)
		ReleaseScriptCaches (0ms)
		RebuildScriptCaches (0ms)
		SetupLoadedEditorAssemblies (1271ms)
			LogAssemblyErrors (0ms)
			InitializePlatformSupportModulesInManaged (2ms)
			SetLoadedEditorAssemblies (9ms)
			BeforeProcessingInitializeOnLoad (252ms)
			ProcessInitializeOnLoadAttributes (867ms)
			ProcessInitializeOnLoadMethodAttributes (135ms)
			AfterProcessingInitializeOnLoad (7ms)
			EditorAssembliesLoaded (1ms)
		ExecutionOrderSort2 (0ms)
		AwakeInstancesAfterBackupRestoration (43ms)
Refreshing native plugins compatible for Editor in 3.56 ms, found 4 plugins.
Preloading 0 native plugins for Editor in 0.00 ms.
Unloading 35 Unused Serialized files (Serialized files now loaded: 0)
Unloading 6782 unused Assets / (6.5 MB). Loaded Objects now: 7532.
Memory consumption went from 150.4 MB to 143.9 MB.
Total: 17.797100 ms (FindLiveObjects: 0.636000 ms CreateObjectMapping: 0.477800 ms MarkObjects: 11.548000 ms  DeleteObjects: 5.132700 ms)

Prepare: number of updated asset objects reloaded= 0
========================================================================
Received Prepare
Begin MonoManager ReloadAssembly
Symbol file LoadedFromMemory is not a mono symbol file
- Loaded All Assemblies, in  0.917 seconds
Refreshing native plugins compatible for Editor in 1.11 ms, found 4 plugins.
Native extension for WindowsStandalone target not found
[Package Manager] Failed to launch server process. Reason: Unity was launched with the -noUpm command-line argument
[Package Manager] Unable to send message (not connected to server process).
[Package Manager] Cannot connect to Unity Package Manager local server
Mono: successfully reloaded assembly
- Finished resetting the current domain, in  0.949 seconds
Domain Reload Profiling: 1864ms
	BeginReloadAssembly (235ms)
		ExecutionOrderSort (0ms)
		DisableScriptedObjects (15ms)
		BackupInstance (0ms)
		ReleaseScriptingObjects (0ms)
		CreateAndSetChildDomain (55ms)
	RebuildCommonClasses (37ms)
	RebuildNativeTypeToScriptingClass (15ms)
	initialDomainReloadingComplete (46ms)
	LoadAllAssembliesAndSetupDomain (581ms)
		LoadAssemblies (432ms)
		RebuildTransferFunctionScriptingTraits (0ms)
		AnalyzeDomain (255ms)
			TypeCache.Refresh (9ms)
				TypeCache.ScanAssembly (0ms)
			BuildScriptInfoCaches (231ms)
			ResolveRequiredComponents (10ms)
	FinalizeReload (949ms)
		ReleaseScriptCaches (0ms)
		RebuildScriptCaches (0ms)
		SetupLoadedEditorAssemblies (800ms)
			LogAssemblyErrors (0ms)
			InitializePlatformSupportModulesInManaged (2ms)
			SetLoadedEditorAssemblies (9ms)
			BeforeProcessingInitializeOnLoad (170ms)
			ProcessInitializeOnLoadAttributes (548ms)
			ProcessInitializeOnLoadMethodAttributes (61ms)
			AfterProcessingInitializeOnLoad (11ms)
			EditorAssembliesLoaded (0ms)
		ExecutionOrderSort2 (0ms)
		AwakeInstancesAfterBackupRestoration (15ms)
Refreshing native plugins compatible for Editor in 1.46 ms, found 4 plugins.
Preloading 0 native plugins for Editor in 0.00 ms.
Unloading 35 Unused Serialized files (Serialized files now loaded: 0)
Unloading 6782 unused Assets / (7.8 MB). Loaded Objects now: 7534.
Memory consumption went from 150.5 MB to 142.6 MB.
Total: 13.792600 ms (FindLiveObjects: 1.074500 ms CreateObjectMapping: 0.713000 ms MarkObjects: 6.848800 ms  DeleteObjects: 5.153400 ms)

Prepare: number of updated asset objects reloaded= 0
========================================================================
Received Prepare
Begin MonoManager ReloadAssembly
[Licensing::Client] Successfully resolved entitlement details
Symbol file LoadedFromMemory is not a mono symbol file
- Loaded All Assemblies, in  0.924 seconds
Refreshing native plugins compatible for Editor in 3.40 ms, found 4 plugins.
Native extension for WindowsStandalone target not found
[Package Manager] Failed to launch server process. Reason: Unity was launched with the -noUpm command-line argument
[Package Manager] Unable to send message (not connected to server process).
[Package Manager] Cannot connect to Unity Package Manager local server
Mono: successfully reloaded assembly
- Finished resetting the current domain, in  1.382 seconds
Domain Reload Profiling: 2309ms
	BeginReloadAssembly (228ms)
		ExecutionOrderSort (0ms)
		DisableScriptedObjects (14ms)
		BackupInstance (0ms)
		ReleaseScriptingObjects (0ms)
		CreateAndSetChildDomain (50ms)
	RebuildCommonClasses (41ms)
	RebuildNativeTypeToScriptingClass (17ms)
	initialDomainReloadingComplete (30ms)
	LoadAllAssembliesAndSetupDomain (609ms)
		LoadAssemblies (452ms)
		RebuildTransferFunctionScriptingTraits (0ms)
		AnalyzeDomain (268ms)
			TypeCache.Refresh (10ms)
				TypeCache.ScanAssembly (0ms)
			BuildScriptInfoCaches (235ms)
			ResolveRequiredComponents (17ms)
	FinalizeReload (1383ms)
		ReleaseScriptCaches (0ms)
		RebuildScriptCaches (0ms)
		SetupLoadedEditorAssemblies (1156ms)
			LogAssemblyErrors (0ms)
			InitializePlatformSupportModulesInManaged (2ms)
			SetLoadedEditorAssemblies (8ms)
			BeforeProcessingInitializeOnLoad (183ms)
			ProcessInitializeOnLoadAttributes (804ms)
			ProcessInitializeOnLoadMethodAttributes (148ms)
			AfterProcessingInitializeOnLoad (11ms)
			EditorAssembliesLoaded (0ms)
		ExecutionOrderSort2 (0ms)
		AwakeInstancesAfterBackupRestoration (45ms)
Refreshing native plugins compatible for Editor in 2.83 ms, found 4 plugins.
Preloading 0 native plugins for Editor in 0.00 ms.
Unloading 35 Unused Serialized files (Serialized files now loaded: 0)
Unloading 6782 unused Assets / (6.8 MB). Loaded Objects now: 7536.
Memory consumption went from 150.5 MB to 143.7 MB.
Total: 12.876300 ms (FindLiveObjects: 0.674000 ms CreateObjectMapping: 0.421500 ms MarkObjects: 7.215600 ms  DeleteObjects: 4.563100 ms)

Prepare: number of updated asset objects reloaded= 0
========================================================================
Received Prepare
Begin MonoManager ReloadAssembly
Symbol file LoadedFromMemory is not a mono symbol file
- Loaded All Assemblies, in  1.135 seconds
Refreshing native plugins compatible for Editor in 1.42 ms, found 4 plugins.
Native extension for WindowsStandalone target not found
[Package Manager] Failed to launch server process. Reason: Unity was launched with the -noUpm command-line argument
[Package Manager] Unable to send message (not connected to server process).
[Package Manager] Cannot connect to Unity Package Manager local server
Mono: successfully reloaded assembly
- Finished resetting the current domain, in  1.563 seconds
Domain Reload Profiling: 2700ms
	BeginReloadAssembly (300ms)
		ExecutionOrderSort (0ms)
		DisableScriptedObjects (19ms)
		BackupInstance (0ms)
		ReleaseScriptingObjects (0ms)
		CreateAndSetChildDomain (58ms)
	RebuildCommonClasses (59ms)
	RebuildNativeTypeToScriptingClass (21ms)
	initialDomainReloadingComplete (33ms)
	LoadAllAssembliesAndSetupDomain (723ms)
		LoadAssemblies (552ms)
		RebuildTransferFunctionScriptingTraits (0ms)
		AnalyzeDomain (321ms)
			TypeCache.Refresh (13ms)
				TypeCache.ScanAssembly (0ms)
			BuildScriptInfoCaches (290ms)
			ResolveRequiredComponents (12ms)
	FinalizeReload (1564ms)
		ReleaseScriptCaches (0ms)
		RebuildScriptCaches (0ms)
		SetupLoadedEditorAssemblies (1314ms)
			LogAssemblyErrors (0ms)
			InitializePlatformSupportModulesInManaged (2ms)
			SetLoadedEditorAssemblies (8ms)
			BeforeProcessingInitializeOnLoad (246ms)
			ProcessInitializeOnLoadAttributes (907ms)
			ProcessInitializeOnLoadMethodAttributes (139ms)
			AfterProcessingInitializeOnLoad (12ms)
			EditorAssembliesLoaded (1ms)
		ExecutionOrderSort2 (0ms)
		AwakeInstancesAfterBackupRestoration (43ms)
Refreshing native plugins compatible for Editor in 2.42 ms, found 4 plugins.
Preloading 0 native plugins for Editor in 0.00 ms.
Unloading 35 Unused Serialized files (Serialized files now loaded: 0)
Unloading 6782 unused Assets / (6.9 MB). Loaded Objects now: 7538.
Memory consumption went from 150.6 MB to 143.7 MB.
Total: 14.835700 ms (FindLiveObjects: 0.861300 ms CreateObjectMapping: 0.428900 ms MarkObjects: 8.478400 ms  DeleteObjects: 5.065300 ms)

Prepare: number of updated asset objects reloaded= 0
========================================================================
Received Prepare
Begin MonoManager ReloadAssembly
[Licensing::Client] Successfully resolved entitlement details
Symbol file LoadedFromMemory is not a mono symbol file
- Loaded All Assemblies, in  0.938 seconds
Refreshing native plugins compatible for Editor in 1.39 ms, found 4 plugins.
Native extension for WindowsStandalone target not found
[Package Manager] Failed to launch server process. Reason: Unity was launched with the -noUpm command-line argument
[Package Manager] Unable to send message (not connected to server process).
[Package Manager] Cannot connect to Unity Package Manager local server
Mono: successfully reloaded assembly
- Finished resetting the current domain, in  1.148 seconds
Domain Reload Profiling: 2088ms
	BeginReloadAssembly (256ms)
		ExecutionOrderSort (0ms)
		DisableScriptedObjects (19ms)
		BackupInstance (0ms)
		ReleaseScriptingObjects (0ms)
		CreateAndSetChildDomain (71ms)
	RebuildCommonClasses (46ms)
	RebuildNativeTypeToScriptingClass (19ms)
	initialDomainReloadingComplete (31ms)
	LoadAllAssembliesAndSetupDomain (587ms)
		LoadAssemblies (423ms)
		RebuildTransferFunctionScriptingTraits (0ms)
		AnalyzeDomain (260ms)
			TypeCache.Refresh (15ms)
				TypeCache.ScanAssembly (0ms)
			BuildScriptInfoCaches (231ms)
			ResolveRequiredComponents (9ms)
	FinalizeReload (1149ms)
		ReleaseScriptCaches (0ms)
		RebuildScriptCaches (0ms)
		SetupLoadedEditorAssemblies (831ms)
			LogAssemblyErrors (0ms)
			InitializePlatformSupportModulesInManaged (4ms)
			SetLoadedEditorAssemblies (10ms)
			BeforeProcessingInitializeOnLoad (220ms)
			ProcessInitializeOnLoadAttributes (543ms)
			ProcessInitializeOnLoadMethodAttributes (51ms)
			AfterProcessingInitializeOnLoad (3ms)
			EditorAssembliesLoaded (0ms)
		ExecutionOrderSort2 (0ms)
		AwakeInstancesAfterBackupRestoration (25ms)
Refreshing native plugins compatible for Editor in 1.07 ms, found 4 plugins.
Preloading 0 native plugins for Editor in 0.00 ms.
Unloading 35 Unused Serialized files (Serialized files now loaded: 0)
Unloading 6782 unused Assets / (6.3 MB). Loaded Objects now: 7540.
Memory consumption went from 150.6 MB to 144.4 MB.
Total: 8.519100 ms (FindLiveObjects: 1.024300 ms CreateObjectMapping: 0.422200 ms MarkObjects: 4.236900 ms  DeleteObjects: 2.834400 ms)

Prepare: number of updated asset objects reloaded= 0
========================================================================
Received Prepare
Begin MonoManager ReloadAssembly
Symbol file LoadedFromMemory is not a mono symbol file
- Loaded All Assemblies, in  0.894 seconds
Refreshing native plugins compatible for Editor in 1.36 ms, found 4 plugins.
Native extension for WindowsStandalone target not found
[Package Manager] Failed to launch server process. Reason: Unity was launched with the -noUpm command-line argument
[Package Manager] Unable to send message (not connected to server process).
[Package Manager] Cannot connect to Unity Package Manager local server
Mono: successfully reloaded assembly
- Finished resetting the current domain, in  1.052 seconds
Domain Reload Profiling: 1949ms
	BeginReloadAssembly (230ms)
		ExecutionOrderSort (0ms)
		DisableScriptedObjects (13ms)
		BackupInstance (0ms)
		ReleaseScriptingObjects (0ms)
		CreateAndSetChildDomain (57ms)
	RebuildCommonClasses (40ms)
	RebuildNativeTypeToScriptingClass (15ms)
	initialDomainReloadingComplete (36ms)
	LoadAllAssembliesAndSetupDomain (575ms)
		LoadAssemblies (417ms)
		RebuildTransferFunctionScriptingTraits (0ms)
		AnalyzeDomain (251ms)
			TypeCache.Refresh (9ms)
				TypeCache.ScanAssembly (0ms)
			BuildScriptInfoCaches (221ms)
			ResolveRequiredComponents (14ms)
	FinalizeReload (1053ms)
		ReleaseScriptCaches (0ms)
		RebuildScriptCaches (0ms)
		SetupLoadedEditorAssemblies (882ms)
			LogAssemblyErrors (0ms)
			InitializePlatformSupportModulesInManaged (2ms)
			SetLoadedEditorAssemblies (8ms)
			BeforeProcessingInitializeOnLoad (182ms)
			ProcessInitializeOnLoadAttributes (613ms)
			ProcessInitializeOnLoadMethodAttributes (73ms)
			AfterProcessingInitializeOnLoad (6ms)
			EditorAssembliesLoaded (0ms)
		ExecutionOrderSort2 (0ms)
		AwakeInstancesAfterBackupRestoration (21ms)
Refreshing native plugins compatible for Editor in 1.27 ms, found 4 plugins.
Preloading 0 native plugins for Editor in 0.00 ms.
Unloading 35 Unused Serialized files (Serialized files now loaded: 0)
Unloading 6782 unused Assets / (6.7 MB). Loaded Objects now: 7542.
Memory consumption went from 150.6 MB to 143.9 MB.
Total: 7.483700 ms (FindLiveObjects: 0.480200 ms CreateObjectMapping: 0.318800 ms MarkObjects: 4.070300 ms  DeleteObjects: 2.613700 ms)

Prepare: number of updated asset objects reloaded= 0
========================================================================
Received Prepare
Begin MonoManager ReloadAssembly
Symbol file LoadedFromMemory is not a mono symbol file
- Loaded All Assemblies, in  0.900 seconds
Refreshing native plugins compatible for Editor in 3.56 ms, found 4 plugins.
Native extension for WindowsStandalone target not found
[Package Manager] Failed to launch server process. Reason: Unity was launched with the -noUpm command-line argument
[Package Manager] Unable to send message (not connected to server process).
[Package Manager] Cannot connect to Unity Package Manager local server
Mono: successfully reloaded assembly
- Finished resetting the current domain, in  1.454 seconds
Domain Reload Profiling: 2356ms
	BeginReloadAssembly (228ms)
		ExecutionOrderSort (0ms)
		DisableScriptedObjects (18ms)
		BackupInstance (0ms)
		ReleaseScriptingObjects (0ms)
		CreateAndSetChildDomain (47ms)
	RebuildCommonClasses (34ms)
	RebuildNativeTypeToScriptingClass (15ms)
	initialDomainReloadingComplete (28ms)
	LoadAllAssembliesAndSetupDomain (597ms)
		LoadAssemblies (415ms)
		RebuildTransferFunctionScriptingTraits (0ms)
		AnalyzeDomain (288ms)
			TypeCache.Refresh (12ms)
				TypeCache.ScanAssembly (0ms)
			BuildScriptInfoCaches (257ms)
			ResolveRequiredComponents (12ms)
	FinalizeReload (1455ms)
		ReleaseScriptCaches (0ms)
		RebuildScriptCaches (0ms)
		SetupLoadedEditorAssemblies (1202ms)
			LogAssemblyErrors (0ms)
			InitializePlatformSupportModulesInManaged (3ms)
			SetLoadedEditorAssemblies (10ms)
			BeforeProcessingInitializeOnLoad (248ms)
			ProcessInitializeOnLoadAttributes (804ms)
			ProcessInitializeOnLoadMethodAttributes (124ms)
			AfterProcessingInitializeOnLoad (13ms)
			EditorAssembliesLoaded (1ms)
		ExecutionOrderSort2 (0ms)
		AwakeInstancesAfterBackupRestoration (44ms)
Refreshing native plugins compatible for Editor in 1.85 ms, found 4 plugins.
Preloading 0 native plugins for Editor in 0.00 ms.
Unloading 35 Unused Serialized files (Serialized files now loaded: 0)
Unloading 6782 unused Assets / (6.8 MB). Loaded Objects now: 7544.
Memory consumption went from 150.7 MB to 143.9 MB.
Total: 14.661700 ms (FindLiveObjects: 1.364400 ms CreateObjectMapping: 0.939400 ms MarkObjects: 6.977700 ms  DeleteObjects: 5.378200 ms)

Prepare: number of updated asset objects reloaded= 0
========================================================================
Received Prepare
Begin MonoManager ReloadAssembly
Symbol file LoadedFromMemory is not a mono symbol file
- Loaded All Assemblies, in  1.114 seconds
Refreshing native plugins compatible for Editor in 1.32 ms, found 4 plugins.
Native extension for WindowsStandalone target not found
[Package Manager] Failed to launch server process. Reason: Unity was launched with the -noUpm command-line argument
[Package Manager] Unable to send message (not connected to server process).
[Package Manager] Cannot connect to Unity Package Manager local server
Mono: successfully reloaded assembly
- Finished resetting the current domain, in  1.394 seconds
Domain Reload Profiling: 2511ms
	BeginReloadAssembly (261ms)
		ExecutionOrderSort (0ms)
		DisableScriptedObjects (17ms)
		BackupInstance (0ms)
		ReleaseScriptingObjects (0ms)
		CreateAndSetChildDomain (59ms)
	RebuildCommonClasses (62ms)
	RebuildNativeTypeToScriptingClass (21ms)
	initialDomainReloadingComplete (40ms)
	LoadAllAssembliesAndSetupDomain (732ms)
		LoadAssemblies (542ms)
		RebuildTransferFunctionScriptingTraits (0ms)
		AnalyzeDomain (308ms)
			TypeCache.Refresh (14ms)
				TypeCache.ScanAssembly (0ms)
			BuildScriptInfoCaches (274ms)
			ResolveRequiredComponents (14ms)
	FinalizeReload (1395ms)
		ReleaseScriptCaches (0ms)
		RebuildScriptCaches (0ms)
		SetupLoadedEditorAssemblies (1159ms)
			LogAssemblyErrors (0ms)
			InitializePlatformSupportModulesInManaged (3ms)
			SetLoadedEditorAssemblies (10ms)
			BeforeProcessingInitializeOnLoad (249ms)
			ProcessInitializeOnLoadAttributes (746ms)
			ProcessInitializeOnLoadMethodAttributes (144ms)
			AfterProcessingInitializeOnLoad (7ms)
			EditorAssembliesLoaded (0ms)
		ExecutionOrderSort2 (0ms)
		AwakeInstancesAfterBackupRestoration (34ms)
Refreshing native plugins compatible for Editor in 4.39 ms, found 4 plugins.
Preloading 0 native plugins for Editor in 0.00 ms.
Unloading 35 Unused Serialized files (Serialized files now loaded: 0)
Unloading 6782 unused Assets / (7.2 MB). Loaded Objects now: 7546.
Memory consumption went from 150.7 MB to 143.5 MB.
Total: 19.993800 ms (FindLiveObjects: 1.801900 ms CreateObjectMapping: 1.699100 ms MarkObjects: 9.533300 ms  DeleteObjects: 6.956600 ms)

Prepare: number of updated asset objects reloaded= 0
========================================================================
Received Prepare
Begin MonoManager ReloadAssembly
[Licensing::Client] Successfully resolved entitlement details
Symbol file LoadedFromMemory is not a mono symbol file
- Loaded All Assemblies, in  0.825 seconds
Refreshing native plugins compatible for Editor in 1.20 ms, found 4 plugins.
Native extension for WindowsStandalone target not found
[Package Manager] Failed to launch server process. Reason: Unity was launched with the -noUpm command-line argument
[Package Manager] Unable to send message (not connected to server process).
[Package Manager] Cannot connect to Unity Package Manager local server
Mono: successfully reloaded assembly
- Finished resetting the current domain, in  0.952 seconds
Domain Reload Profiling: 1779ms
	BeginReloadAssembly (230ms)
		ExecutionOrderSort (0ms)
		DisableScriptedObjects (13ms)
		BackupInstance (0ms)
		ReleaseScriptingObjects (0ms)
		CreateAndSetChildDomain (52ms)
	RebuildCommonClasses (36ms)
	RebuildNativeTypeToScriptingClass (10ms)
	initialDomainReloadingComplete (25ms)
	LoadAllAssembliesAndSetupDomain (525ms)
		LoadAssemblies (396ms)
		RebuildTransferFunctionScriptingTraits (0ms)
		AnalyzeDomain (230ms)
			TypeCache.Refresh (9ms)
				TypeCache.ScanAssembly (0ms)
			BuildScriptInfoCaches (209ms)
			ResolveRequiredComponents (8ms)
	FinalizeReload (953ms)
		ReleaseScriptCaches (0ms)
		RebuildScriptCaches (0ms)
		SetupLoadedEditorAssemblies (801ms)
			LogAssemblyErrors (0ms)
			InitializePlatformSupportModulesInManaged (2ms)
			SetLoadedEditorAssemblies (7ms)
			BeforeProcessingInitializeOnLoad (177ms)
			ProcessInitializeOnLoadAttributes (542ms)
			ProcessInitializeOnLoadMethodAttributes (67ms)
			AfterProcessingInitializeOnLoad (6ms)
			EditorAssembliesLoaded (0ms)
		ExecutionOrderSort2 (0ms)
		AwakeInstancesAfterBackupRestoration (15ms)
Refreshing native plugins compatible for Editor in 1.26 ms, found 4 plugins.
Preloading 0 native plugins for Editor in 0.00 ms.
Unloading 35 Unused Serialized files (Serialized files now loaded: 0)
Unloading 6782 unused Assets / (7.4 MB). Loaded Objects now: 7548.
Memory consumption went from 150.8 MB to 143.4 MB.
Total: 10.999700 ms (FindLiveObjects: 0.508000 ms CreateObjectMapping: 0.336400 ms MarkObjects: 5.419200 ms  DeleteObjects: 4.733600 ms)

Prepare: number of updated asset objects reloaded= 0
========================================================================
Received Prepare
Begin MonoManager ReloadAssembly
Symbol file LoadedFromMemory is not a mono symbol file
- Loaded All Assemblies, in  0.843 seconds
Refreshing native plugins compatible for Editor in 2.26 ms, found 4 plugins.
Native extension for WindowsStandalone target not found
[Package Manager] Failed to launch server process. Reason: Unity was launched with the -noUpm command-line argument
[Package Manager] Unable to send message (not connected to server process).
[Package Manager] Cannot connect to Unity Package Manager local server
Mono: successfully reloaded assembly
- Finished resetting the current domain, in  1.108 seconds
Domain Reload Profiling: 1954ms
	BeginReloadAssembly (204ms)
		ExecutionOrderSort (0ms)
		DisableScriptedObjects (12ms)
		BackupInstance (0ms)
		ReleaseScriptingObjects (0ms)
		CreateAndSetChildDomain (52ms)
	RebuildCommonClasses (36ms)
	RebuildNativeTypeToScriptingClass (13ms)
	initialDomainReloadingComplete (37ms)
	LoadAllAssembliesAndSetupDomain (556ms)
		LoadAssemblies (389ms)
		RebuildTransferFunctionScriptingTraits (0ms)
		AnalyzeDomain (255ms)
			TypeCache.Refresh (7ms)
				TypeCache.ScanAssembly (0ms)
			BuildScriptInfoCaches (233ms)
			ResolveRequiredComponents (11ms)
	FinalizeReload (1108ms)
		ReleaseScriptCaches (0ms)
		RebuildScriptCaches (0ms)
		SetupLoadedEditorAssemblies (905ms)
			LogAssemblyErrors (0ms)
			InitializePlatformSupportModulesInManaged (2ms)
			SetLoadedEditorAssemblies (8ms)
			BeforeProcessingInitializeOnLoad (196ms)
			ProcessInitializeOnLoadAttributes (591ms)
			ProcessInitializeOnLoadMethodAttributes (97ms)
			AfterProcessingInitializeOnLoad (11ms)
			EditorAssembliesLoaded (1ms)
		ExecutionOrderSort2 (0ms)
		AwakeInstancesAfterBackupRestoration (33ms)
Refreshing native plugins compatible for Editor in 1.26 ms, found 4 plugins.
Preloading 0 native plugins for Editor in 0.00 ms.
Unloading 35 Unused Serialized files (Serialized files now loaded: 0)
Unloading 6782 unused Assets / (6.5 MB). Loaded Objects now: 7550.
Memory consumption went from 150.8 MB to 144.3 MB.
Total: 10.368400 ms (FindLiveObjects: 1.121100 ms CreateObjectMapping: 0.776300 ms MarkObjects: 4.842200 ms  DeleteObjects: 3.627300 ms)

Prepare: number of updated asset objects reloaded= 0
========================================================================
Received Prepare
Begin MonoManager ReloadAssembly
Symbol file LoadedFromMemory is not a mono symbol file
- Loaded All Assemblies, in  1.102 seconds
Refreshing native plugins compatible for Editor in 3.23 ms, found 4 plugins.
Native extension for WindowsStandalone target not found
[Package Manager] Failed to launch server process. Reason: Unity was launched with the -noUpm command-line argument
[Package Manager] Unable to send message (not connected to server process).
[Package Manager] Cannot connect to Unity Package Manager local server
Mono: successfully reloaded assembly
- Finished resetting the current domain, in  1.454 seconds
Domain Reload Profiling: 2558ms
	BeginReloadAssembly (250ms)
		ExecutionOrderSort (0ms)
		DisableScriptedObjects (14ms)
		BackupInstance (0ms)
		ReleaseScriptingObjects (0ms)
		CreateAndSetChildDomain (50ms)
	RebuildCommonClasses (63ms)
	RebuildNativeTypeToScriptingClass (16ms)
	initialDomainReloadingComplete (38ms)
	LoadAllAssembliesAndSetupDomain (736ms)
		LoadAssemblies (536ms)
		RebuildTransferFunctionScriptingTraits (0ms)
		AnalyzeDomain (322ms)
			TypeCache.Refresh (14ms)
				TypeCache.ScanAssembly (0ms)
			BuildScriptInfoCaches (289ms)
			ResolveRequiredComponents (13ms)
	FinalizeReload (1455ms)
		ReleaseScriptCaches (0ms)
		RebuildScriptCaches (0ms)
		SetupLoadedEditorAssemblies (1221ms)
			LogAssemblyErrors (0ms)
			InitializePlatformSupportModulesInManaged (2ms)
			SetLoadedEditorAssemblies (10ms)
			BeforeProcessingInitializeOnLoad (263ms)
			ProcessInitializeOnLoadAttributes (820ms)
			ProcessInitializeOnLoadMethodAttributes (118ms)
			AfterProcessingInitializeOnLoad (7ms)
			EditorAssembliesLoaded (0ms)
		ExecutionOrderSort2 (0ms)
		AwakeInstancesAfterBackupRestoration (29ms)
Refreshing native plugins compatible for Editor in 4.98 ms, found 4 plugins.
Preloading 0 native plugins for Editor in 0.00 ms.
Unloading 35 Unused Serialized files (Serialized files now loaded: 0)
Unloading 6782 unused Assets / (6.7 MB). Loaded Objects now: 7552.
Memory consumption went from 150.7 MB to 144.1 MB.
Total: 16.593400 ms (FindLiveObjects: 1.539800 ms CreateObjectMapping: 0.575700 ms MarkObjects: 8.860700 ms  DeleteObjects: 5.614700 ms)

Prepare: number of updated asset objects reloaded= 0
========================================================================
Received Prepare
Begin MonoManager ReloadAssembly
Symbol file LoadedFromMemory is not a mono symbol file
- Loaded All Assemblies, in  0.966 seconds
Refreshing native plugins compatible for Editor in 3.44 ms, found 4 plugins.
Native extension for WindowsStandalone target not found
[Package Manager] Failed to launch server process. Reason: Unity was launched with the -noUpm command-line argument
[Package Manager] Unable to send message (not connected to server process).
[Package Manager] Cannot connect to Unity Package Manager local server
Mono: successfully reloaded assembly
- Finished resetting the current domain, in  2.063 seconds
Domain Reload Profiling: 3032ms
	BeginReloadAssembly (234ms)
		ExecutionOrderSort (0ms)
		DisableScriptedObjects (15ms)
		BackupInstance (0ms)
		ReleaseScriptingObjects (0ms)
		CreateAndSetChildDomain (63ms)
	RebuildCommonClasses (47ms)
	RebuildNativeTypeToScriptingClass (15ms)
	initialDomainReloadingComplete (26ms)
	LoadAllAssembliesAndSetupDomain (645ms)
		LoadAssemblies (427ms)
		RebuildTransferFunctionScriptingTraits (0ms)
		AnalyzeDomain (315ms)
			TypeCache.Refresh (15ms)
				TypeCache.ScanAssembly (0ms)
			BuildScriptInfoCaches (278ms)
			ResolveRequiredComponents (17ms)
	FinalizeReload (2065ms)
		ReleaseScriptCaches (0ms)
		RebuildScriptCaches (0ms)
		SetupLoadedEditorAssemblies (1709ms)
			LogAssemblyErrors (0ms)
			InitializePlatformSupportModulesInManaged (3ms)
			SetLoadedEditorAssemblies (9ms)
			BeforeProcessingInitializeOnLoad (352ms)
			ProcessInitializeOnLoadAttributes (1215ms)
			ProcessInitializeOnLoadMethodAttributes (116ms)
			AfterProcessingInitializeOnLoad (13ms)
			EditorAssembliesLoaded (1ms)
		ExecutionOrderSort2 (0ms)
		AwakeInstancesAfterBackupRestoration (45ms)
Refreshing native plugins compatible for Editor in 5.23 ms, found 4 plugins.
Preloading 0 native plugins for Editor in 0.00 ms.
Unloading 35 Unused Serialized files (Serialized files now loaded: 0)
Unloading 6782 unused Assets / (8.3 MB). Loaded Objects now: 7554.
Memory consumption went from 150.8 MB to 142.5 MB.
Total: 23.726500 ms (FindLiveObjects: 1.443000 ms CreateObjectMapping: 1.686100 ms MarkObjects: 11.458600 ms  DeleteObjects: 9.136500 ms)

Prepare: number of updated asset objects reloaded= 0
========================================================================
Received Prepare
Begin MonoManager ReloadAssembly
[Licensing::Client] Successfully resolved entitlement details
Symbol file LoadedFromMemory is not a mono symbol file
- Loaded All Assemblies, in  1.180 seconds
Refreshing native plugins compatible for Editor in 1.30 ms, found 4 plugins.
Native extension for WindowsStandalone target not found
[Package Manager] Failed to launch server process. Reason: Unity was launched with the -noUpm command-line argument
[Package Manager] Unable to send message (not connected to server process).
[Package Manager] Cannot connect to Unity Package Manager local server
Mono: successfully reloaded assembly
- Finished resetting the current domain, in  1.662 seconds
Domain Reload Profiling: 2844ms
	BeginReloadAssembly (283ms)
		ExecutionOrderSort (0ms)
		DisableScriptedObjects (26ms)
		BackupInstance (0ms)
		ReleaseScriptingObjects (0ms)
		CreateAndSetChildDomain (57ms)
	RebuildCommonClasses (56ms)
	RebuildNativeTypeToScriptingClass (26ms)
	initialDomainReloadingComplete (49ms)
	LoadAllAssembliesAndSetupDomain (767ms)
		LoadAssemblies (537ms)
		RebuildTransferFunctionScriptingTraits (0ms)
		AnalyzeDomain (356ms)
			TypeCache.Refresh (10ms)
				TypeCache.ScanAssembly (0ms)
			BuildScriptInfoCaches (317ms)
			ResolveRequiredComponents (22ms)
	FinalizeReload (1663ms)
		ReleaseScriptCaches (0ms)
		RebuildScriptCaches (0ms)
		SetupLoadedEditorAssemblies (1385ms)
			LogAssemblyErrors (0ms)
			InitializePlatformSupportModulesInManaged (3ms)
			SetLoadedEditorAssemblies (10ms)
			BeforeProcessingInitializeOnLoad (258ms)
			ProcessInitializeOnLoadAttributes (934ms)
			ProcessInitializeOnLoadMethodAttributes (160ms)
			AfterProcessingInitializeOnLoad (18ms)
			EditorAssembliesLoaded (1ms)
		ExecutionOrderSort2 (0ms)
		AwakeInstancesAfterBackupRestoration (44ms)
Refreshing native plugins compatible for Editor in 3.06 ms, found 4 plugins.
Preloading 0 native plugins for Editor in 0.00 ms.
Unloading 35 Unused Serialized files (Serialized files now loaded: 0)
Unloading 6782 unused Assets / (6.5 MB). Loaded Objects now: 7556.
Memory consumption went from 150.9 MB to 144.3 MB.
Total: 14.805600 ms (FindLiveObjects: 0.864400 ms CreateObjectMapping: 0.447100 ms MarkObjects: 8.493500 ms  DeleteObjects: 4.998500 ms)

Prepare: number of updated asset objects reloaded= 0
========================================================================
Received Prepare
Begin MonoManager ReloadAssembly
Symbol file LoadedFromMemory is not a mono symbol file
- Loaded All Assemblies, in  0.888 seconds
Refreshing native plugins compatible for Editor in 2.42 ms, found 4 plugins.
Native extension for WindowsStandalone target not found
[Package Manager] Failed to launch server process. Reason: Unity was launched with the -noUpm command-line argument
[Package Manager] Unable to send message (not connected to server process).
[Package Manager] Cannot connect to Unity Package Manager local server
Mono: successfully reloaded assembly
- Finished resetting the current domain, in  1.115 seconds
Domain Reload Profiling: 2006ms
	BeginReloadAssembly (223ms)
		ExecutionOrderSort (0ms)
		DisableScriptedObjects (13ms)
		BackupInstance (0ms)
		ReleaseScriptingObjects (0ms)
		CreateAndSetChildDomain (52ms)
	RebuildCommonClasses (38ms)
	RebuildNativeTypeToScriptingClass (19ms)
	initialDomainReloadingComplete (34ms)
	LoadAllAssembliesAndSetupDomain (576ms)
		LoadAssemblies (408ms)
		RebuildTransferFunctionScriptingTraits (0ms)
		AnalyzeDomain (260ms)
			TypeCache.Refresh (9ms)
				TypeCache.ScanAssembly (0ms)
			BuildScriptInfoCaches (236ms)
			ResolveRequiredComponents (11ms)
	FinalizeReload (1116ms)
		ReleaseScriptCaches (0ms)
		RebuildScriptCaches (0ms)
		SetupLoadedEditorAssemblies (907ms)
			LogAssemblyErrors (0ms)
			InitializePlatformSupportModulesInManaged (2ms)
			SetLoadedEditorAssemblies (8ms)
			BeforeProcessingInitializeOnLoad (198ms)
			ProcessInitializeOnLoadAttributes (604ms)
			ProcessInitializeOnLoadMethodAttributes (90ms)
			AfterProcessingInitializeOnLoad (5ms)
			EditorAssembliesLoaded (0ms)
		ExecutionOrderSort2 (0ms)
		AwakeInstancesAfterBackupRestoration (20ms)
Refreshing native plugins compatible for Editor in 1.45 ms, found 4 plugins.
Preloading 0 native plugins for Editor in 0.00 ms.
Unloading 35 Unused Serialized files (Serialized files now loaded: 0)
Unloading 6782 unused Assets / (6.2 MB). Loaded Objects now: 7558.
Memory consumption went from 150.9 MB to 144.7 MB.
Total: 9.666700 ms (FindLiveObjects: 0.765200 ms CreateObjectMapping: 0.443500 ms MarkObjects: 5.028200 ms  DeleteObjects: 3.428000 ms)

Prepare: number of updated asset objects reloaded= 0
========================================================================
Received Prepare
Begin MonoManager ReloadAssembly
[Licensing::Client] Successfully resolved entitlement details
Symbol file LoadedFromMemory is not a mono symbol file
- Loaded All Assemblies, in  1.157 seconds
Refreshing native plugins compatible for Editor in 1.32 ms, found 4 plugins.
Native extension for WindowsStandalone target not found
[Package Manager] Failed to launch server process. Reason: Unity was launched with the -noUpm command-line argument
[Package Manager] Unable to send message (not connected to server process).
[Package Manager] Cannot connect to Unity Package Manager local server
Mono: successfully reloaded assembly
- Finished resetting the current domain, in  1.369 seconds
Domain Reload Profiling: 2526ms
	BeginReloadAssembly (285ms)
		ExecutionOrderSort (0ms)
		DisableScriptedObjects (22ms)
		BackupInstance (0ms)
		ReleaseScriptingObjects (0ms)
		CreateAndSetChildDomain (51ms)
	RebuildCommonClasses (64ms)
	RebuildNativeTypeToScriptingClass (21ms)
	initialDomainReloadingComplete (50ms)
	LoadAllAssembliesAndSetupDomain (737ms)
		LoadAssemblies (542ms)
		RebuildTransferFunctionScriptingTraits (0ms)
		AnalyzeDomain (326ms)
			TypeCache.Refresh (8ms)
				TypeCache.ScanAssembly (0ms)
			BuildScriptInfoCaches (298ms)
			ResolveRequiredComponents (13ms)
	FinalizeReload (1370ms)
		ReleaseScriptCaches (0ms)
		RebuildScriptCaches (0ms)
		SetupLoadedEditorAssemblies (1156ms)
			LogAssemblyErrors (0ms)
			InitializePlatformSupportModulesInManaged (4ms)
			SetLoadedEditorAssemblies (10ms)
			BeforeProcessingInitializeOnLoad (252ms)
			ProcessInitializeOnLoadAttributes (800ms)
			ProcessInitializeOnLoadMethodAttributes (85ms)
			AfterProcessingInitializeOnLoad (5ms)
			EditorAssembliesLoaded (0ms)
		ExecutionOrderSort2 (0ms)
		AwakeInstancesAfterBackupRestoration (24ms)
Refreshing native plugins compatible for Editor in 2.77 ms, found 4 plugins.
Preloading 0 native plugins for Editor in 0.00 ms.
Unloading 35 Unused Serialized files (Serialized files now loaded: 0)
Unloading 6782 unused Assets / (7.0 MB). Loaded Objects now: 7560.
Memory consumption went from 151.0 MB to 144.0 MB.
Total: 14.887600 ms (FindLiveObjects: 0.881100 ms CreateObjectMapping: 0.407800 ms MarkObjects: 8.309300 ms  DeleteObjects: 5.287300 ms)

Prepare: number of updated asset objects reloaded= 0
========================================================================
Received Prepare
Begin MonoManager ReloadAssembly
[Licensing::Client] Successfully resolved entitlement details
Symbol file LoadedFromMemory is not a mono symbol file
- Loaded All Assemblies, in  0.918 seconds
Refreshing native plugins compatible for Editor in 2.51 ms, found 4 plugins.
Native extension for WindowsStandalone target not found
[Package Manager] Failed to launch server process. Reason: Unity was launched with the -noUpm command-line argument
[Package Manager] Unable to send message (not connected to server process).
[Package Manager] Cannot connect to Unity Package Manager local server
Mono: successfully reloaded assembly
- Finished resetting the current domain, in  1.135 seconds
Domain Reload Profiling: 2050ms
	BeginReloadAssembly (217ms)
		ExecutionOrderSort (0ms)
		DisableScriptedObjects (15ms)
		BackupInstance (0ms)
		ReleaseScriptingObjects (0ms)
		CreateAndSetChildDomain (50ms)
	RebuildCommonClasses (35ms)
	RebuildNativeTypeToScriptingClass (11ms)
	initialDomainReloadingComplete (39ms)
	LoadAllAssembliesAndSetupDomain (612ms)
		LoadAssemblies (420ms)
		RebuildTransferFunctionScriptingTraits (0ms)
		AnalyzeDomain (276ms)
			TypeCache.Refresh (11ms)
				TypeCache.ScanAssembly (0ms)
			BuildScriptInfoCaches (249ms)
			ResolveRequiredComponents (11ms)
	FinalizeReload (1136ms)
		ReleaseScriptCaches (0ms)
		RebuildScriptCaches (0ms)
		SetupLoadedEditorAssemblies (932ms)
			LogAssemblyErrors (0ms)
			InitializePlatformSupportModulesInManaged (2ms)
			SetLoadedEditorAssemblies (6ms)
			BeforeProcessingInitializeOnLoad (189ms)
			ProcessInitializeOnLoadAttributes (649ms)
			ProcessInitializeOnLoadMethodAttributes (80ms)
			AfterProcessingInitializeOnLoad (6ms)
			EditorAssembliesLoaded (0ms)
		ExecutionOrderSort2 (0ms)
		AwakeInstancesAfterBackupRestoration (24ms)
Refreshing native plugins compatible for Editor in 1.65 ms, found 4 plugins.
Preloading 0 native plugins for Editor in 0.00 ms.
Unloading 35 Unused Serialized files (Serialized files now loaded: 0)
Unloading 6782 unused Assets / (7.0 MB). Loaded Objects now: 7562.
Memory consumption went from 150.9 MB to 144.0 MB.
Total: 15.714700 ms (FindLiveObjects: 0.765300 ms CreateObjectMapping: 0.753500 ms MarkObjects: 8.292700 ms  DeleteObjects: 5.901100 ms)

Prepare: number of updated asset objects reloaded= 0
